19435,32800,0,0
-1.0,-1.0,22700,0
0,-1.0,25000,26800
0,0,-1.0,3500
21600,0,0,-1.0
12875,18300,0,0
-1.0,-1.0,24100,0
0,-1.0,-1.0,20200
0,0.0011,-1.0,-1.0
0.0,0,0,0.0
-1.0,20800,0,0
-1.0,7500,25500,0
0.0009,-1.0,-1.0,19600
0,0,-1.0,-1.0
-1.0,0,0,-1.0
-1.0,18400,0,0
-1.0,-1.0,21900,0
0,-1.0,17458.5,20200
0,0,-1.0,-1.0
19500,0,0,-1.0
-1.0,20800,0,0
-1.0,7759.5,26100,0
0,-1.0,4500,21300
0,0,-1.0,-1.0
18600,0,0,-1.0
-1.0,-1.0,0,0
-1.0,-1.0,19800,0
0,-1.0,-1.0,18600
0,0,-1.0,-1.0
-1.0,0,0,0.0
-1.0,20000,0,0
-1.0,-1.0,20100,0
0,-1.0,25250,29800
0,0,-1.0,22000
15000,0,0,-1.0
-1.0,19000,1,0.0017
-1.0,18750,-1.0,0
0,-1.0,-1.0,22300
0,0,-1.0,-1.0
0.0,0,0,0.0
21500,41100,0,0
-1.0,5500,31800,0
0,-1.0,9500,23500
0,0,-1.0,12533
14000,0,0,-1.0
14140.5,17800,0,0
-1.0,-1.0,97400,0
0,-1.0,-1.0,-1.0
0,0,-1.0,23871
19400,0,0,-1.0
6333,14300,0,0
-1.0,5958,21000,1
0.0018,-1.0,13690,20100
0,0,-1.0,13908
25500,0,0,-1.0
5500,15600,0,0
-1.0,4812.5,22600,1
0,-1.0,15491,16700
0,0,-1.0,15491
16700,0,0,-1.0
9363.5,20400,0,0
-1.0,10555,16400,0
0,-1.0,-1.0,22300
0,0.0183,-1.0,-1.0
0.0,0,0,0.0
-1.0,27800,0,0
34100,8167,15100,0
0,-1.0,9233.5,25100
0,0,-1.0,7800
17000,0,0,-1.0
-1.0,27900,1,0.001
38300,12000,21000,0
0,-1.0,-1.0,17300
0,0,-1.0,-1.0
19200,0,0,-1.0
13982,32900,0,0.0135
-1.0,-1.0,-1.0,0
0,-1.0,7500,-1.0
0,0,-1.0,-1.0
29900,1,0.0084,37900
-1.0,23900,0,0
-1.0,21500,25500,0
0,-1.0,8878,20700
0,0,-1.0,14556
17700,0,0,-1.0
7750,22600,1,0.0049
-1.0,16500,-1.0,0
0,-1.0,31333,15200
0,0,-1.0,13357.5
-1.0,0,0,-1.0
6333,-1.0,0,0
0.0,11094.5,15000,0
0,-1.0,5117,12100
0,0,-1.0,5750
23700,1,0.0009,-1.0
7204,12800,0,0
-1.0,12000,46400,0
0,-1.0,-1.0,20800
0,0,27300,19250
29500,0,0,-1.0
-1.0,19100,1,0
-1.0,12000,27900,0
0,-1.0,-1.0,18500
0,0,-1.0,3000
18300,0,0,-1.0
11002,-1.0,0,0
-1.0,10500,20200,0
0,-1.0,9900,21300
0,0,-1.0,21000
25800,0,0,-1.0
3000,-1.0,0,0
-1.0,14434,-1.0,0
0,-1.0,-1.0,-1.0
0,0,-1.0,9785.5
11500,0,0,-1.0
-1.0,-1.0,0,0
-1.0,9500,-1.0,0
0,-1.0,-1.0,19500
0,0,-1.0,5250
21300,1,0.0041,-1.0
-1.0,-1.0,0,0
-1.0,-1.0,-1.0,0
0,-1.0,9500,20600
1,0.0061,-1.0,-1.0
25200,0,0,-1.0
4700,21400,0,0
-1.0,-1.0,20300,0
0,-1.0,6922,23600
0,0,-1.0,31667
18700,0,0,-1.0
-1.0,17200,1,0.0042
-1.0,8100,21200,0
0,-1.0,9735.5,-1.0
0,0,-1.0,4000
21100,0,0,-1.0
-1.0,17800,0,0
-1.0,9833,14400,0
0,-1.0,6333,7700
0,0,-1.0,19000
24700,0,0,-1.0
6500,23500,0,0
-1.0,6448,23200,0
0,-1.0,-1.0,-1.0
0,0,-1.0,-1.0
-1.0,0,0.0,-1.0
8700,25000,0,0
-1.0,10805,11700,0
0,-1.0,-1.0,22500
0,0,-1.0,-1.0
21300,1,0.0024,-1.0
8250,20300,0,0
-1.0,-1.0,0.0,0
0.0,-1.0,-1.0,-1.0
0,0.0,-1.0,-1.0
-1.0,0,0,-1.0
-1.0,-1.0,0,0
-1.0,12837,21900,1
0.0079,-1.0,10500,20300
1,0.0049,-1.0,13074
21700,1,0.0102,-1.0
-1.0,0.0,0,0
0.0,-1.0,21600,0
0,-1.0,15070,15500
0,0,-1.0,9500
-1.0,0,0,-1.0
6499,33800,0,0
-1.0,19000,34200,0
0,-1.0,-1.0,0.0
0,0.0,0.0,18750
-1.0,0,0,-1.0
10500,23100,1,0.0223
-1.0,-1.0,89000,0
0.0,-1.0,14200,56100
0,0,-1.0,-1.0
29400,0,0.016,45100
-1.0,86600,0,0.0
-1.0,-1.0,0.0,0
0.0,0.0,7000,-1.0
0,0,-1.0,-1.0
-1.0,0,0,-1.0
24402,30400,0,0
-1.0,7000,16800,0
0,-1.0,23000,63000
0,0,-1.0,-1.0
71300,0,0.0,-1.0
-1.0,26000,0,0
-1.0,6750,27900,0
0,-1.0,6333,17700
0,0,-1.0,16304
45300,0,0,-1.0
4875,23500,0,0
-1.0,-1.0,19900,0
0,-1.0,10500,25800
0,0,-1.0,-1.0
22900,0,0,-1.0
26250,66500,0,0
-1.0,-1.0,0.0,0
0.0,0.0,8000,22300
0,0,-1.0,-1.0
-1.0,0,0.0,-1.0
11222.5,48200,0,0
-1.0,-1.0,27800,0
0,-1.0,4500,29800
0,0,-1.0,28250
30500,0,0,-1.0
14358,15600,0,0
-1.0,-1.0,82600,0
0.0,-1.0,-1.0,18900
0,0,-1.0,28001
24800,0,0,-1.0
6523,20900,0,0
-1.0,4489,15300,0
0,-1.0,8500,21400
0,0,-1.0,6500
20700,1,0.0037,-1.0
-1.0,24700,0,0
-1.0,-1.0,21300,1
0.0405,-1.0,8745,14300
0,0,-1.0,8499
25800,0,0,-1.0
-1.0,27500,0,0
-1.0,8743,14600,0
0,-1.0,6625,-1.0
0,0,0.0,-1.0
-1.0,0,0,-1.0
6000,24000,1,0.0482
-1.0,39617,28100,0
0,-1.0,-1.0,28200
0,0.0184,-1.0,-1.0
0.0,0,0.0,-1.0
6000,22700,0,0
-1.0,9070,-1.0,0
0,-1.0,-1.0,23600
0,0,-1.0,6523
20900,0,0,-1.0
7866,18700,0,0
-1.0,6333,15200,0
0,-1.0,8749.5,16300
0,0,-1.0,8867
15300,0,0,-1.0
-1.0,0.0,0,0.0
-1.0,-1.0,24900,0
0,-1.0,11875,26400
0,0,-1.0,7804
21500,1,0.2124,-1.0
8906,17200,0,0
-1.0,-1.0,-1.0,0
0.0,-1.0,-1.0,-1.0
0,0.0,-1.0,-1.0
0.0,0,0,0.0
10500,32900,1,0.0178
-1.0,-1.0,0.0,0
0.0,0.0,-1.0,-1.0
0,0,-1.0,-1.0
-1.0,0,0.0,-1.0
8250,20600,0,0
-1.0,7000,20300,0
0,-1.0,-1.0,38800
0,0,-1.0,-1.0
21400,0,0,-1.0
-1.0,-1.0,0,0.0
-1.0,-1.0,14600,0
0,-1.0,-1.0,24400
1,0.0146,-1.0,22344
68500,0,0,-1.0
-1.0,20100,0,0
-1.0,-1.0,-1.0,0
0.0,0.0,31333.5,25700
0,0,-1.0,-1.0
17800,1,0.0047,-1.0
18784.5,19500,0,0
-1.0,24291,34300,0
0,-1.0,17663,-1.0
0,0,-1.0,8000
24300,0,0,-1.0
9500,16900,0,0
-1.0,21124.5,47000,0
0,-1.0,18350,-1.0
0,0,-1.0,3500
19000,1,0.0548,-1.0
23500,23100,0,0
-1.0,-1.0,38700,0
0,48000,25467.5,23500
0,0,-1.0,-1.0
17200,0,0,-1.0
9000,13300,0,0
-1.0,-1.0,19200,0
0,-1.0,-1.0,23000
1,0.0068,-1.0,-1.0
0.0,0,0.0,-1.0
25337.5,-1.0,0,0
0.0,-1.0,-1.0,0
0,-1.0,-1.0,20500
1,0.0063,30600,-1.0
-1.0,0,0,-1.0
6750,24600,0,0
-1.0,9340,23600,1
0.0135,-1.0,-1.0,19400
0,0,-1.0,4500
21800,0,0,-1.0
6700,21900,0,0
-1.0,4875,18700,0
0,-1.0,14624,78700
0,0,-1.0,-1.0
23700,0,0,-1.0
-1.0,24200,0,0
-1.0,6447,0.0,0
0,0.0,-1.0,12900
0,0,-1.0,-1.0
-1.0,0,0,-1.0
-1.0,13300,0,0
-1.0,8959,21300,0
0,-1.0,9500,18600
0,0,-1.0,9459
18600,0,0,-1.0
10500,25100,1,0.0077
-1.0,8956,14900,0
0,-1.0,12000,27000
0,0,-1.0,5500
20300,1,0.0153,-1.0
-1.0,18400,1,0.0366
-1.0,-1.0,24800,1
0.0357,-1.0,4500,23100
1,0.0131,-1.0,9000
18900,0,0,-1.0
-1.0,25200,0,0.0015
-1.0,3500,16000,0
0,-1.0,-1.0,20500
1,0.0762,-1.0,-1.0
-1.0,0,0,-1.0
7630,24600,1,0.0154
-1.0,12500,25300,1
0.1295,-1.0,5036,23700
1,0.0149,-1.0,-1.0
21700,1,0.0067,-1.0
12667,20600,0,0
0.0,14250,28800,1
0.0234,-1.0,9500,20200
0,0,-1.0,9500
19200,0,0,-1.0
9500,17800,0,0
-1.0,5650,28100,0
0,-1.0,-1.0,31500
0,0,-1.0,4779
19400,0,0,-1.0
9500,13300,0,0
-1.0,8800,25700,0
0,-1.0,7125,22600
0,0,-1.0,6200
23300,0,0,-1.0
7984,-1.0,0,0
0.0,12000,29000,0
0,-1.0,-1.0,23100
0,0,-1.0,9349.5
22400,0,0,-1.0
22500,-1.0,0,0
0.0,-1.0,0.0,0
0.0,0.0,18125,34900
0,0,-1.0,-1.0
0.0,0,0.0,-1.0
-1.0,-1.0,0,0
-1.0,-1.0,17500,0
0,-1.0,4500,23500
0,0,-1.0,8743
14400,0,0,-1.0
-1.0,14700,0,0
-1.0,8674,22600,0
0,-1.0,21000,21600
0,0,-1.0,15500
29800,0,0,-1.0
9416,34600,0,0
-1.0,-1.0,19100,1
0.0033,-1.0,43837,26300
0,0,-1.0,2100
13000,0,0,-1.0
6750,24900,0,0
-1.0,-1.0,0.0,0
0.0,0.0,-1.0,0.0
0,0,0.0,8563
19500,1,0.0105,-1.0
7521.5,14900,0,0
-1.0,9578,15200,0
0,-1.0,6331,-1.0
0,0,0.0,6179.5
24000,0,0,-1.0
-1.0,10300,0,0
-1.0,-1.0,-1.0,0
0.0,-1.0,10000,22700
0,0,-1.0,8250
24700,1,0.0075,-1.0
18750,92700,0,0
-1.0,6000,21100,0
0,-1.0,4500,27400
0,0,-1.0,23000
21800,0,0,-1.0
-1.0,-1.0,0,0
-1.0,-1.0,-1.0,0
0.0,0.0,-1.0,-1.0
0,0.0,-1.0,8651.5
20800,1,0.0026,-1.0
17870,27400,0,0
-1.0,-1.0,22200,0
0,-1.0,4500,28900
0,0.0118,-1.0,18876
22600,0,0,-1.0
13697,21200,0,0
-1.0,4500,22900,0
0,-1.0,9500,26200
1,0.0147,-1.0,-1.0
-1.0,0,0.0,0.0
12043,34800,0,0
-1.0,4500,20900,1
0.0175,-1.0,-1.0,-1.0
0,0,-1.0,-1.0
21700,1,0.0044,32400
-1.0,10500,0,0
-1.0,24125,14000,0
0,-1.0,10500,19800
0,0,-1.0,8019
22800,0,0,-1.0
4500,29400,0,0
-1.0,-1.0,19800,0
0,-1.0,7500,23400
1,0.0035,-1.0,9500
-1.0,0,0,-1.0
7416.5,-1.0,0,0
-1.0,9500.5,28500,0
0,-1.0,4500,22200
1,0.0052,-1.0,-1.0
0.0,0,0.0,0.0
-1.0,74800,0,0.0
-1.0,36000,30600,0
0,-1.0,-1.0,76400
0,0.0,-1.0,-1.0
24500,0,0,-1.0
-1.0,-1.0,0,0.0
-1.0,14625,23900,0
0,-1.0,8035,-1.0
0,0,-1.0,18500
20000,0,0,-1.0
-1.0,13200,0,0
-1.0,10435,25500,1
0.0007,-1.0,4450,11000
0,0,-1.0,10500
19400,1,0.0086,-1.0
-1.0,20200,0,0
-1.0,26834,48300,0
0,-1.0,7000,21400
1,0.0262,-1.0,9005
23700,0,0,-1.0
-1.0,26000,0,0
-1.0,-1.0,-1.0,0
0.0,0.0,20623.5,30500
0,0,-1.0,-1.0
-1.0,0,0.0,-1.0
-1.0,-1.0,0,0.0
-1.0,-1.0,-1.0,0
0,-1.0,8500,19700
0,0.0013,-1.0,12000
14700,0,0,-1.0
9500,21100,0,0
-1.0,12000,19700,0
0,-1.0,20000,27400
0,0,-1.0,19239
16400,0,0,-1.0
-1.0,27700,0,0
-1.0,-1.0,-1.0,0
0.0,-1.0,-1.0,19600
0,0.0056,-1.0,11443
22100,0,0,-1.0
12000,19500,0,0
-1.0,-1.0,-1.0,0
0.0,-1.0,7500,14600
0,0,-1.0,8375
23400,1,0.1455,-1.0
9000,26400,0,0.1745
-1.0,24062.5,16300,0
0,-1.0,26132.5,27900
0,0,-1.0,9000
21900,0,0.052,-1.0
13875,21900,0,0
-1.0,-1.0,48400,0
0,48800,-1.0,-1.0
0,0,-1.0,-1.0
23700,0,0.0271,-1.0
16281,25100,0,0
-1.0,11867,19900,0
0,-1.0,5500,20500
1,0.0423,-1.0,18594
19700,0,0,-1.0
9500,24000,0,0
-1.0,5500,26600,0
0,-1.0,20000,66100
0,0,-1.0,11500
17100,0,0,-1.0
-1.0,37100,0,0
-1.0,21500,36100,0
0,-1.0,9085,16200
0,0,-1.0,13910
32100,0,0,-1.0
9833,22200,0,0
-1.0,10500,25200,0
0,-1.0,12125,21300
0,0,-1.0,-1.0
0.0,0,0.0,0.0
-1.0,-1.0,0,0
-1.0,5150,23800,0
0,-1.0,-1.0,-1.0
0,0,-1.0,-1.0
-1.0,0,0,-1.0
4562.5,25100,0,0
-1.0,10000,25400,0
0,-1.0,9760.5,20700
0,0,-1.0,-1.0
27200,0,0,-1.0
2562.5,23700,0,0
-1.0,19000,24700,0
0,-1.0,9142,21100
0,0,-1.0,-1.0
21400,0,0,-1.0
19118.5,52400,0,0
-1.0,14434,20500,0
0,-1.0,-1.0,-1.0
0,0.0,-1.0,5969
26000,0,0,-1.0
0.0,0.0,0,0.0
0.0,-1.0,-1.0,0
0,-1.0,6978,20800
0,0,-1.0,8000
24000,0,0,-1.0
8068.5,19900,0,0
-1.0,25000,23700,0
0,-1.0,15750,26700
0,0,-1.0,-1.0
0.0,0,0.0,0.0
9234,23600,0,0
-1.0,-1.0,-1.0,0
0,-1.0,-1.0,-1.0
0,0.0,0.0,-1.0
24300,0,0,-1.0
14448,24200,0,0
-1.0,-1.0,0.0,0
0.0,0.0,4200,16300
0,0,-1.0,-1.0
18200,0,0,-1.0
9500,18600,0,0
-1.0,15000,24800,0
0,-1.0,26417,23600
0,0,-1.0,-1.0
27500,0,0,-1.0
5725,22900,0,0
-1.0,-1.0,28200,0
0,-1.0,12000,28000
0,0,-1.0,-1.0
42000,0,0,-1.0
10500,21600,0,0
-1.0,7019,0.0,0
0,0.0,16000,20200
0,0,-1.0,9500
21900,0,0,-1.0
-1.0,14900,0,0
-1.0,-1.0,19700,0
0.0061,-1.0,-1.0,36200
0,0,-1.0,-1.0
23100,0,0,-1.0
-1.0,-1.0,0,0
-1.0,6193,0.0,0
0,0.0,9500,15000
0,0,-1.0,12000
24700,0,0,-1.0
35219,24400,0,0
-1.0,16418,18400,0
0,-1.0,3500,13400
0,0,-1.0,4500
24300,1,0.0737,-1.0
-1.0,25300,0,0
-1.0,4500,23400,0
0,-1.0,-1.0,25800
0,0,-1.0,-1.0
18600,0,0,-1.0
-1.0,24500,0,0
-1.0,6334,16800,0
0,-1.0,17553.5,37600
0,0,-1.0,-1.0
24700,0,0,-1.0
7450,15100,0,0
-1.0,-1.0,16200,0
0,-1.0,-1.0,24400
0,0,-1.0,-1.0
24200,0,0,-1.0
-1.0,24400,0,0
-1.0,5684.5,14200,0
0,-1.0,18430,22600
0,0,-1.0,11666
15100,0,0,-1.0
-1.0,22300,0,0
-1.0,4500,22200,0
0,-1.0,11320,0.0
0,0,0.0,-1.0
23800,0,0,-1.0
-1.0,24800,0,0
-1.0,5500,25000,0
0,-1.0,-1.0,17600
0,0,-1.0,-1.0
0.0,0,0.0,0.0
12000,24700,0,0
-1.0,12000,24700,0
0,-1.0,-1.0,19800
0,0,-1.0,9500
16400,0,0,-1.0
-1.0,23900,0,0
-1.0,-1.0,19800,0
0.009,-1.0,-1.0,23800
0,0,-1.0,-1.0
20600,0,0,-1.0
-1.0,24500,0,0
-1.0,-1.0,-1.0,0
0,-1.0,3500,22100
1,0.0023,-1.0,39938
25300,0,0,-1.0
7666,13700,0,0
-1.0,-1.0,18000,0
0,-1.0,-1.0,-1.0
0,0,-1.0,-1.0
15600,0,0,-1.0
3500,18100,0,0
-1.0,11937.5,23200,0
0,-1.0,22375,21100
0,0,-1.0,8025
-1.0,0,0,-1.0
-1.0,18900,0,0
-1.0,-1.0,19300,0
0,-1.0,-1.0,33000
0,0,-1.0,-1.0
21700,0,0,-1.0
-1.0,18700,0,0
-1.0,25000,26500,0
0,-1.0,5500,18500
0,0.0219,-1.0,7210
16300,0,0,-1.0
3500,17300,0,0
-1.0,27205,23900,0
0,-1.0,10750,20400
0,0,-1.0,-1.0
0.0,0,0.0,0.0
4508.5,20100,0,0.0076
-1.0,7986,19500,0
0,-1.0,0.0,15500
0,0,-1.0,35750
25800,0,0,-1.0
-1.0,28400,0,0
-1.0,11999,23000,0
0,-1.0,3500,24000
0,0,-1.0,-1.0
0.0,0,0,0.0
-1.0,-1.0,0,0.0
0.0,4383,21700,1
0.0022,-1.0,3500,21900
0,0.0023,-1.0,12963.5
16500,0,0,-1.0
20000,49000,0,0
-1.0,4500,21700,1
0.0155,-1.0,13666,25600
0,0,-1.0,20000
20700,0,0,-1.0
4752,22300,0,0
-1.0,-1.0,-1.0,0
0.0,-1.0,-1.0,23100
1,0.0104,-1.0,-1.0
19000,0,0,-1.0
-1.0,22400,1,0.0153
-1.0,-1.0,-1.0,0
0.0,-1.0,-1.0,16800
0,0.0304,-1.0,3000
20100,1,0.011,-1.0
35503,18100,0,0
-1.0,23000,45100,0
0,-1.0,-1.0,26600
0,0,35100,3000
20200,0,0,-1.0
10461,22900,0,0
-1.0,-1.0,17900,1
0.0152,-1.0,26151,60100
0,0,-1.0,-1.0
20600,1,0.0153,-1.0
19700,28700,0,0
-1.0,-1.0,17700,0
0.0045,-1.0,8702.5,24200
0,0,-1.0,3500
17100,0,0,-1.0
6625,25700,0,0
-1.0,5826.5,28500,0
0,-1.0,6202,24100
0,0,-1.0,10500
24900,1,0.0041,-1.0
7500,24900,0,0
-1.0,-1.0,0.0,0
0.0,-1.0,9500,17100
0,0,-1.0,12500
36200,0,0,-1.0
9250,21400,0,0
-1.0,19500,22500,0
0,-1.0,6750,22800
0,0,-1.0,21919
28400,0,0,-1.0
10613,-1.0,0,0
-1.0,13040,9400,0
0,-1.0,12000,12700
0,0,-1.0,-1.0
-1.0,0,0.0,-1.0
5750,17700,0,0
-1.0,5500,-1.0,0
0,-1.0,27500,19500
0,0,-1.0,9000
15200,0,0,-1.0
-1.0,-1.0,0,0.0
-1.0,-1.0,23300,1
0.0907,29100,15000,46400
0,0,-1.0,15000
46400,0,0,-1.0
9500,17500,0,0
-1.0,9830,18700,0
0,-1.0,-1.0,-1.0
0,0,-1.0,3500
14200,0,0,-1.0
-1.0,13000,0,0
-1.0,3500,14900,0
0,-1.0,12500,14600
0,0,-1.0,13756.5
14600,0,0,-1.0
9833,20400,0,0
-1.0,-1.0,0.0,0
0.0,0.0,13500,-1.0
0,0,-1.0,-1.0
90200,0,0.0,152800
-1.0,-1.0,0,0.0
-1.0,-1.0,0.0,0
0.0,0.0,6600,18200
0,0,-1.0,4500
19200,0,0,-1.0
6500,16800,0,0
-1.0,5250,19900,0
0,-1.0,4500,22000
0,0.0193,-1.0,5000
19000,1,0.0012,-1.0
3500,24800,0,0
-1.0,4500,21600,1
0.0117,-1.0,9000,15200
0,0,-1.0,9492
20100,0,0,-1.0
-1.0,27700,1,0.0101
36100,19821,18300,0
0,-1.0,8800,24600
0,0,-1.0,-1.0
-1.0,0,0.0,-1.0
13469,16700,0,0
-1.0,18000,-1.0,0
0,-1.0,7391,20300
0,0,-1.0,9833
19000,0,0,-1.0
9833,16500,0,0
-1.0,-1.0,17100,0
0,-1.0,7462,22000
1,0.0257,-1.0,-1.0
70300,0,0,-1.0
-1.0,36100,0,0
51700,6500,93300,0
0.0,-1.0,23000,41000
0,0,-1.0,4500
21700,0,0,-1.0
-1.0,0.0,0,0.0
0.0,4500,19900,0
0,-1.0,-1.0,0.0
0,0.0,-1.0,6986
22600,0,0,-1.0
5500,20400,1,0.009
-1.0,5000,59700,0
0.0,-1.0,24575,27000
0,0,-1.0,10233
13100,0,0,-1.0
-1.0,-1.0,0,0.0
-1.0,18937.5,57200,0
0,-1.0,-1.0,-1.0
0,0,-1.0,-1.0
0.0,0,0.0,0.0
16000,41600,0,0
-1.0,-1.0,15800,0
0,-1.0,19856,24600
0,0,-1.0,-1.0
0.0,0,0.0,0.0
-1.0,0.0,0,0.0
-1.0,25000,-1.0,0
0,-1.0,28372,23800
0,0,-1.0,-1.0
0.0,0,0,0.0
12000,36300,0,0
-1.0,-1.0,24900,0
0,-1.0,12910.5,16000
0,0,-1.0,9500
31100,0,0,-1.0
-1.0,14300,0,0
-1.0,-1.0,0.0,0
0.0,0.0,3500,26300
0,0,-1.0,9833
14800,0,0,-1.0
8750,20800,0,0
-1.0,6400,-1.0,0
0,-1.0,6500,22100
1,0.0574,-1.0,5821
21900,1,0.0371,-1.0
27223.5,18900,0,0
-1.0,20501,62100,0
0,-1.0,17425,50500
0,0,-1.0,-1.0
-1.0,0,0,-1.0
4100,22800,0,0
-1.0,-1.0,18800,1
0.002,-1.0,25000,-1.0
0,0,-1.0,-1.0
21500,0,0,25100
-1.0,0.0,0,0.0
-1.0,-1.0,20100,0
0.009,-1.0,1600,24100
0,0,-1.0,-1.0
0.0,0,0.0,0.0
-1.0,22600,1,0.0629
-1.0,12000,22100,0
0,-1.0,24905,56400
0,0,-1.0,10075
16700,0,0,-1.0
18111,19500,0,0
-1.0,0.0,-1.0,0
0,-1.0,-1.0,19500
0,0,-1.0,-1.0
-1.0,0,0,-1.0
5500,18400,0,0
-1.0,27000,-1.0,0
0,-1.0,6419,25700
0,0,-1.0,25000
61400,0,0,-1.0
-1.0,-1.0,0,0
-1.0,-1.0,-1.0,0
0.0,-1.0,40050,25100
0,0,-1.0,-1.0
0.0,0,0.0,0.0
6688,17800,0,0
-1.0,7600,15000,0
0,-1.0,9500,-1.0
0,0,-1.0,0.0
0.0,0,0,-1.0
9648,17200,0,0
-1.0,16112,13000,0
0,-1.0,25000,31800
0,0,-1.0,6432
13300,0,0,-1.0
15870,11900,0,0
-1.0,22000,27400,0
0,-1.0,13749,21300
1,0.0024,-1.0,13563
23800,0,0,-1.0
15452,20700,1,0.0069
-1.0,-1.0,30000,0
0,34600,-1.0,29100
0,0,31100,14643
36600,0,0,-1.0
-1.0,-1.0,0,0
-1.0,-1.0,-1.0,0
0,-1.0,13908,25500
0,0,-1.0,13908
25500,0,0,-1.0
12728,19200,0,0
-1.0,31538,19800,0
0,-1.0,10000,14500
0,0,-1.0,-1.0
0.0,0,0.0,-1.0
-1.0,14300,0,0
-1.0,13908,25500,0
0,-1.0,13000,27000
0,0,-1.0,-1.0
10300,0,0,-1.0
16500,-1.0,0,0
-1.0,9788.5,14000,0
0,-1.0,6400,14100
0,0,-1.0,6500
15200,0,0,-1.0
25000,30600,0,0
-1.0,25000,35900,0
0,-1.0,-1.0,0.0
0,0.0,0.0,31125
44500,0,0,-1.0
5500,-1.0,0,0
-1.0,21000,36700,0
0,-1.0,18250,47000
0,0,-1.0,8468
16900,0,0,-1.0
9086,18900,0,0
-1.0,-1.0,-1.0,0
0,-1.0,12000,-1.0
0,0,-1.0,-1.0
-1.0,0,0,-1.0
9750,19300,0,0
-1.0,14175,27300,0
0,-1.0,11500,11400
0,0,-1.0,10666
28500,0,0,-1.0
12594,-1.0,0,0
0.0,-1.0,-1.0,0
0,-1.0,16000,-1.0
0,0,-1.0,12000
16000,0,0,-1.0
12000,18700,0,0
-1.0,9750,21700,0
0,-1.0,9500,15700
0,0,-1.0,10376
20000,0,0,-1.0
27560.5,12700,0,0
-1.0,-1.0,-1.0,0
0.0,-1.0,12501,7000
0,0,-1.0,5249
37200,0,0,-1.0
11291,20000,0,0
-1.0,14806,40000,0
0,-1.0,9500,16200
0,0,-1.0,10041.5
22000,0,0,-1.0
8649,17900,0,0
-1.0,9721,12900,0
0,-1.0,5500,14200
0,0,-1.0,-1.0
-1.0,0,0.0,-1.0
9500,17700,0,0
-1.0,-1.0,31200,0
0,-1.0,26436,18600
0,0,-1.0,-1.0
-1.0,0,0,-1.0
24000,24100,0,0
-1.0,9937.5,17000,0
0,-1.0,9500,14800
0,0,-1.0,6499
24900,1,0.0394,-1.0
9550,19200,0,0
-1.0,9500,28700,0
0,-1.0,17200,-1.0
0,0,-1.0,-1.0
17900,0,0,-1.0
9833,14200,0,0
-1.0,12000,31000,0
0,-1.0,4221,20700
0,0,-1.0,10500
13500,0,0,-1.0
9500,-1.0,0,0
-1.0,6690,27300,0
0,-1.0,22000,27000
0,0,-1.0,5500
30100,0,0,-1.0
9703,15200,0,0
-1.0,24188,24200,0
0,-1.0,7263,29300
0,0,-1.0,16500
22500,0,0,-1.0
9862.5,26100,0,0
-1.0,-1.0,37900,0
0.0,-1.0,9796,21200
0,0,-1.0,-1.0
9500,0,0,-1.0
6613,23800,0,0.0296
-1.0,13166,14000,0
0,-1.0,9943,25500
0,0,-1.0,12000
24000,1,0.0073,-1.0
21750,31300,0,0
-1.0,-1.0,22100,0
0,-1.0,14000,-1.0
0,0,-1.0,-1.0
-1.0,0,0,-1.0
9456,23800,0,0
-1.0,9529,-1.0,0
0,-1.0,-1.0,0.0
0,0.0,0.0,13569
9400,0,0,-1.0
7511,19200,0,0
-1.0,12000,14300,0
0,-1.0,8615,22400
1,0.0082,-1.0,5688
22500,1,0.0198,-1.0
16298,17500,0,0
-1.0,7917,-1.0,0
0,-1.0,12960,-1.0
0,0,-1.0,-1.0
-1.0,0,0,-1.0
25000,23100,0,0
-1.0,-1.0,0.0,0
0.0,0.0,-1.0,-1.0
0,0.0,-1.0,7000
21500,0,0,-1.0
10538,21700,0,0
-1.0,-1.0,-1.0,0
0,-1.0,13868,25800
0,0,-1.0,-1.0
-1.0,0,0,-1.0
19787,16600,0,0
-1.0,6848,21300,0
0,-1.0,-1.0,-1.0
0,0,-1.0,7732
20700,0,0,-1.0
13908,25500,0,0
-1.0,16329,20400,0
0,-1.0,14258,15100
0,0,-1.0,20000
16200,0,0,-1.0
16500,15200,0,0
-1.0,13908,25500,0
0,-1.0,9992,19200
0,0,-1.0,5198.5
20100,0,0,-1.0
6365,12300,0,0
-1.0,-1.0,21400,0
0.0444,-1.0,9500,18200
0,0,-1.0,9500
21200,0,0,-1.0
18154.5,48900,0,0
-1.0,18154.5,48900,0
0,-1.0,-1.0,21700
0,0,-1.0,-1.0
21400,0,0.0344,-1.0
3816.5,21300,0,0
-1.0,-1.0,-1.0,0
0,-1.0,5500,21900
0,0,-1.0,7250
15600,0,0,-1.0
-1.0,21400,0,0
-1.0,-1.0,-1.0,0
0,-1.0,4666.5,-1.0
0,0,-1.0,9500
15000,0,0,-1.0
-1.0,16600,0,0
-1.0,-1.0,17400,0
0,-1.0,-1.0,21400
0,0,-1.0,9833
19100,0,0,-1.0
7916,19400,0,0
-1.0,5500,-1.0,0
0,-1.0,-1.0,-1.0
0,0,-1.0,-1.0
21400,0,0.0085,-1.0
-1.0,0.0,0,0.0
-1.0,-1.0,-1.0,0
0,-1.0,-1.0,-1.0
0,0,-1.0,5600
-1.0,0,0,-1.0
-1.0,-1.0,0,0
-1.0,9500,20100,0
0,-1.0,-1.0,-1.0
0,0,-1.0,16132
16700,0,0,-1.0
3500,11700,0,0
-1.0,-1.0,22500,0
0,-1.0,3625,27300
0,0,-1.0,-1.0
14800,0,0,-1.0
18750,21300,0,0
-1.0,10964,21300,0
0,-1.0,-1.0,21400
0,0,-1.0,-1.0
21400,0,0,-1.0
16889,18300,0,0
-1.0,-1.0,-1.0,0
0,-1.0,18685,37400
0,0,-1.0,12583
21100,0,0,-1.0
14700,41100,0,0
-1.0,10500,46600,0
0,-1.0,17500,39600
0,0,-1.0,9000
25600,0,0,-1.0
-1.0,-1.0,0,0
-1.0,19190,27900,0
0,-1.0,11000,25600
0,0,-1.0,13000
14700,0,0,-1.0
25000,20500,0,0
-1.0,6333,20000,0
0,-1.0,5111.5,22900
0,0,-1.0,6003
15900,0,0,-1.0
-1.0,20000,0,0
-1.0,8220,14900,0
0,-1.0,6960,15000
0,0,-1.0,-1.0
22400,0,0,-1.0
-1.0,34400,0,0
48500,19000,50000,0
0,-1.0,9000,26100
1,0.0032,-1.0,-1.0
23700,0,0,-1.0
9833,16400,0,0
-1.0,8200,26000,0
0,-1.0,9000,23700
0,0,-1.0,23000
33200,0,0,-1.0
9833,20300,0,0
-1.0,20000,32800,0
0,-1.0,-1.0,15800
0,0,-1.0,7838.5
14800,0,0,-1.0
-1.0,-1.0,0,0
-1.0,8367,14400,0
0,-1.0,-1.0,30400
0,0,40700,7500
26700,0,0,-1.0
7500,15900,0,0
-1.0,-1.0,0.0,0
0,-1.0,21000,34100
0,0,-1.0,30646
29100,0,0,-1.0
22000,25700,0,0
-1.0,-1.0,0.0,0
0.0,0.0,16500,12500
0,0,-1.0,22000
31500,0,0,-1.0
25000,35500,0,0
-1.0,-1.0,0.0,0
0.0,0.0,13149,0.0
0,0,0.0,8481.5
36200,0,0,-1.0
-1.0,0.0,0,0.0
-1.0,9500,35700,0
0,-1.0,23000,61700
0,0,-1.0,9500
24400,0,0,-1.0
20650,22300,0,0
-1.0,7909,16700,0
0,-1.0,35446,34800
0,0,-1.0,-1.0
0.0,0,0.0,0.0
24539.5,17200,0,0
-1.0,20000,57000,0
0,-1.0,6334,27500
0,0,-1.0,19874
32300,0,0,-1.0
28500,45000,0,0
-1.0,-1.0,0.0,0
0.0,0.0,9812,23500
0,0,-1.0,9500
-1.0,0,0,-1.0
-1.0,-1.0,0,0.0
-1.0,8688,14300,0
0,-1.0,23000,31100
0,0,-1.0,-1.0
-1.0,0,0.0,-1.0
-1.0,20800,0,0
-1.0,19000,19300,0
0.0162,-1.0,-1.0,-1.0
0,0,-1.0,11875
-1.0,0,0,-1.0
5500,14400,0,0
-1.0,24200,45600,0
0,-1.0,5900,16700
0,0,-1.0,6300
18500,0,0,-1.0
5500,12400,0,0
-1.0,20000,63900,0
0,-1.0,-1.0,-1.0
0,0,-1.0,5257
-1.0,0,0,-1.0
5500,11600,0,0
-1.0,12000,29500,0
0,-1.0,-1.0,36600
0,0,46800,24250
62900,0,0,-1.0
7000,63600,0,0.0
-1.0,-1.0,-1.0,0
0.0,0.0,5500,-1.0
0,0,-1.0,-1.0
-1.0,0,0,-1.0
25000,22000,0,0
-1.0,9500,26700,0
0,-1.0,6729,15700
0,0,-1.0,26000
24900,0,0,-1.0
-1.0,89400,0,0
-1.0,-1.0,-1.0,0
0.0,-1.0,2000,54700
0,0.0,-1.0,12000
18900,0,0,-1.0
-1.0,30200,0,0
-1.0,27625,26500,0
0,-1.0,-1.0,0.0
0,0.0,0.0,9500
28900,0,0,-1.0
-1.0,27100,0,0
-1.0,-1.0,0.0,0
0,-1.0,8124.5,23100
0,0,-1.0,13500
20500,0,0,-1.0
9500,35100,0,0
-1.0,6629,12400,0
0,-1.0,21499.5,33900
0,0,-1.0,11327.5
38100,0,0,-1.0
25000,30500,0,0
-1.0,5846.5,-1.0,0
0,-1.0,9500,25800
0,0,-1.0,-1.0
29600,0,0,38300
-1.0,-1.0,0,0
-1.0,-1.0,-1.0,0
0.0,-1.0,6280,27700
0,0,-1.0,-1.0
0.0,0,0.0,0.0
21678,44000,0,0
-1.0,24388,29100,0
0,-1.0,-1.0,0.0
0,0.0,-1.0,9833
14000,0,0,-1.0
3500,16700,0,0
-1.0,-1.0,-1.0,0
0.0,-1.0,12231,-1.0
0,0,-1.0,10136
22500,0,0,-1.0
7450,20900,0,0
-1.0,23250,26900,0
0,-1.0,-1.0,19800
0,0,-1.0,-1.0
24700,0,0,28000
-1.0,-1.0,0,0
-1.0,23000,31200,0
0,-1.0,10500,20100
0,0,-1.0,4904
11400,0,0,-1.0
10000,18400,1,0
-1.0,6000,-1.0,0
0,-1.0,35250,22800
0,0,-1.0,-1.0
13300,0,0,-1.0
9000,23200,0,0
-1.0,12500,20100,0
0,-1.0,7666,13700
0,0,-1.0,9500
23100,0,0,-1.0
7200,19700,1,0.0023
-1.0,12500,-1.0,0
0,-1.0,9833,11100
0,0,-1.0,22661.5
23000,0,0,-1.0
9500,21900,0,0
-1.0,-1.0,-1.0,0
0,-1.0,7660,19200
0,0,-1.0,-1.0
14300,0,0.0611,-1.0
25000,23500,0,0
-1.0,-1.0,-1.0,0
0.0,-1.0,9500,15300
0,0,-1.0,8352
19000,0,0,-1.0
8975,20700,0,0
-1.0,-1.0,-1.0,0
0.0,-1.0,-1.0,13700
0,0,-1.0,-1.0
-1.0,0,0,-1.0
-1.0,27400,0,0
29400,9500,26500,1
0.0173,0.0,24000,29800
0,0,-1.0,16505.5
35100,0,0,-1.0
17411,26500,0,0
-1.0,10351,16100,0
0,-1.0,22500,19500
0,0,-1.0,-1.0
-1.0,0,0,0.0
10280,-1.0,0,0
-1.0,-1.0,45900,0
0.0,-1.0,20301,28400
0,0,-1.0,11750
-1.0,0,0.0,-1.0
11750,-1.0,0,0
-1.0,11075.5,25500,0
0,-1.0,-1.0,26200
0,0,32900,9700
18200,0,0,-1.0
21000,24300,0,0
-1.0,12000,40400,0
0,-1.0,5150,28300
0,0,-1.0,20435.5
19000,0,0,-1.0
14447.5,26700,0,0
-1.0,8500,20900,0
0,-1.0,24792,41300
0,0,-1.0,27000
25900,0,0,-1.0
-1.0,11700,0,0
-1.0,-1.0,0.0,0
0.0,0.0,-1.0,58500
0,0.0,-1.0,16187
25700,0,0,-1.0
-1.0,15400,0,0
-1.0,-1.0,16600,0
0,-1.0,-1.0,15900
0,0,-1.0,-1.0
12100,0,0,-1.0
-1.0,-1.0,0,0
-1.0,-1.0,15400,0
0,-1.0,-1.0,16900
1,0.0279,-1.0,30059.5
19200,0,0,-1.0
-1.0,-1.0,0,0
-1.0,-1.0,21800,1
0.0039,30700,20460,16500
0,0,-1.0,-1.0
-1.0,0,0,-1.0
-1.0,18900,0,0
-1.0,9500,16400,0
0,-1.0,-1.0,21600
0,0,-1.0,-1.0
-1.0,0,0.0,0.0
-1.0,-1.0,0,0.0
0.0,-1.0,30900,0
0.0,-1.0,9500,17800
0,0,-1.0,-1.0
-1.0,0,0,-1.0
19000,37100,0,0
-1.0,17000,28200,0
0,-1.0,9500,31400
0,0.0274,-1.0,17750
21400,0,0,-1.0
-1.0,25200,0,0
-1.0,-1.0,-1.0,0
0,-1.0,10500,26200
0,0,-1.0,3500
23500,0,0,-1.0
-1.0,-1.0,0,0
-1.0,-1.0,-1.0,0
0.0,-1.0,10608,22800
0,0,-1.0,-1.0
0.0,0,0.0,0.0
8487,21000,1,0.0281
-1.0,-1.0,-1.0,0
0.0,-1.0,9833,14300
0,0,-1.0,12591
18800,0,0,-1.0
-1.0,-1.0,0,0.0
-1.0,9500,-1.0,0
0,-1.0,21000,20100
0,0,-1.0,9500
12200,0,0,-1.0
9715,16400,0,0
-1.0,9200,-1.0,0
0,-1.0,-1.0,-1.0
0,0,-1.0,-1.0
0.0,0,0,0.0
-1.0,92200,0,0.0
-1.0,-1.0,-1.0,0
0,-1.0,11700,-1.0
0,0,-1.0,5000
34600,0,0,-1.0
19462,42900,0,0
-1.0,9500,17600,0
0,-1.0,10994,17700
0,0,-1.0,9500
18600,0,0,-1.0
15250,-1.0,0,0
-1.0,30869.5,24800,0
0,-1.0,9500,13800
0,0,-1.0,-1.0
-1.0,0,0,-1.0
40189.5,29300,0,0
-1.0,-1.0,36500,0
0,-1.0,9172,16500
0,0,-1.0,-1.0
0.0,0,0.0,-1.0
8093,15400,0,0
-1.0,-1.0,31900,0
0,-1.0,-1.0,-1.0
0,0,-1.0,-1.0
24200,0,0.0625,-1.0
30134,20900,0,0
-1.0,-1.0,-1.0,0
0,-1.0,13312,56900
0,0,-1.0,8994.5
25900,0,0,-1.0
-1.0,-1.0,0,0
-1.0,-1.0,11600,0
0,-1.0,-1.0,28700
0,0,-1.0,24500
24300,0,0,-1.0
-1.0,-1.0,0,0.0
-1.0,8000,22600,1
0.0297,-1.0,-1.0,-1.0
0,0,-1.0,20604
55500,0,0,-1.0
9500,18800,0,0
-1.0,23438,26200,0
0.0352,-1.0,9562.5,20000
1,0.0041,-1.0,10500
24600,1,0.0333,-1.0
-1.0,-1.0,0,0
-1.0,-1.0,0.0,0
0.0,0.0,-1.0,-1.0
0,0.0,-1.0,11750
25000,0,0,-1.0
24000,29700,0,0
-1.0,-1.0,-1.0,0
0,-1.0,-1.0,11600
0,0,-1.0,9500
-1.0,0,0,-1.0
-1.0,0.0,0,0
0.0,8039,23100,1
0.0846,-1.0,-1.0,12700
0,0,-1.0,10080
21500,0,0,-1.0
-1.0,11200,0,0
-1.0,-1.0,13800,0
0,-1.0,10500,24500
0,0,-1.0,24000
25800,0,0,-1.0
-1.0,10300,0,0
-1.0,10946.5,29100,1
0.0726,-1.0,13649,-1.0
0,0,-1.0,8250
17000,0,0,-1.0
11000,14800,0,0
-1.0,24250,46200,0
0,-1.0,24000,45900
0,0,-1.0,12000
18100,0,0,-1.0
17875,23400,0,0
-1.0,-1.0,-1.0,0
0,-1.0,16000,14000
0,0,-1.0,16250
24600,0,0,-1.0
-1.0,-1.0,0,0
-1.0,20000,22700,0
0,-1.0,-1.0,0.0
0,0,0.0,7165.5
24500,0,0,-1.0
9193,18100,0,0
-1.0,13270.5,23300,0
0,-1.0,13908,25500
0,0,-1.0,9500
18400,0,0,-1.0
9500,26400,1,0.0101
-1.0,8782,0.0,0
0,0.0,27000,33800
0,0,-1.0,9075
19000,0,0,-1.0
9502,16800,0,0
-1.0,9500,16700,0
0,-1.0,-1.0,69200
0,0.0,-1.0,-1.0
-1.0,0,0,-1.0
9833,18400,0,0
-1.0,9250,-1.0,0
0,0.0,12000,0.0
0,0,0.0,9500
17600,0,0,-1.0
25000,28500,0,0
-1.0,9833,18000,0
0,-1.0,-1.0,20400
0,0,-1.0,19000
37900,0,0,-1.0
11000,33800,0,0
-1.0,15501,33400,0
0,-1.0,-1.0,-1.0
0,0,-1.0,16000
45100,0,0,-1.0
17699.5,-1.0,0,0
-1.0,26999.5,21600,0
0,-1.0,8468,29100
0,0,-1.0,-1.0
13200,0,0,-1.0
-1.0,-1.0,0,0
-1.0,12125,21300,0
0,-1.0,10988,12300
0,0,-1.0,-1.0
-1.0,0,0,-1.0
-1.0,22500,1,0.0017
32900,9500,17000,0
0,-1.0,-1.0,-1.0
0,0,-1.0,16028
40600,0,0,-1.0
-1.0,23500,0,0
-1.0,11566,20200,0
0,-1.0,9018,-1.0
0,0,-1.0,12195
17700,0,0,-1.0
6898,20900,0,0
-1.0,-1.0,72400,0
0,-1.0,19500,-1.0
0,0,-1.0,5500
21400,0,0,-1.0
-1.0,26100,1,0.0103
34800,-1.0,72400,0
0,-1.0,21000,60300
0,0,-1.0,11667
12800,0,0,-1.0
-1.0,0.0,0,0.0
0.0,8285,14400,0
0,-1.0,7885,19100
0,0,-1.0,7091
16800,0,0,-1.0
7500,18100,0,0
-1.0,6699.5,22500,0
0,-1.0,-1.0,-1.0
0,0.0,-1.0,-1.0
13800,0,0,-1.0
8074,14300,0,0
-1.0,6500,21600,0
0,-1.0,-1.0,-1.0
0,0,-1.0,-1.0
-1.0,0,0,-1.0
7875.5,25400,0,0
-1.0,9085,-1.0,0
0,-1.0,-1.0,-1.0
0,0,-1.0,12000
49100,0,0,-1.0
9500,16000,0,0
-1.0,-1.0,13300,0
0,-1.0,8000,12700
0,0,-1.0,7400
20400,0,0,-1.0
5724,14200,0,0
-1.0,-1.0,24000,1
0,-1.0,6422.5,29600
0,0,-1.0,5963.5
20700,0,0,-1.0
12000,26400,0,0
-1.0,-1.0,0.0,0
0.0,0.0,-1.0,14300
0,0,-1.0,-1.0
18100,1,0.1292,-1.0
7000,17400,0,0
-1.0,-1.0,68200,0
0.0,-1.0,-1.0,78600
0,0.0,-1.0,9500
23500,0,0,-1.0
11625,-1.0,0,0
-1.0,8250,20300,0
0,-1.0,13400,36800
0,0,-1.0,-1.0
-1.0,0,0,-1.0
23500,-1.0,0,0
-1.0,-1.0,-1.0,0
0,-1.0,6333,18000
0,0,-1.0,-1.0
-1.0,0,0.0,-1.0
6128,26000,0,0
-1.0,0.0,-1.0,0
0,-1.0,0.0,-1.0
0,0,-1.0,12430
79700,0,0,-1.0
6334,14900,0,0
-1.0,4500,24200,0
0,-1.0,6619,14800
0,0,-1.0,2960
-1.0,0,0,0.0
-1.0,79500,0,0.0
-1.0,14028,23000,0
0,-1.0,5695.5,16900
0,0,-1.0,20000
75700,0,0,-1.0
-1.0,16000,0,0
-1.0,16500,-1.0,0
0,-1.0,-1.0,0.0
0,0.0,0.0,13000
-1.0,0,0,-1.0
20000,76400,0,0
-1.0,-1.0,0.0,0
0.0,0.0,15626,39800
0,0,-1.0,8075
14400,0,0,-1.0
25000,30700,0,0
-1.0,7500,15900,0
0,-1.0,7500,13500
0,0,-1.0,6333
17000,0,0,-1.0
13500,34600,0,0
-1.0,14750,53200,0
0,-1.0,7307,25000
1,0.0009,-1.0,10525.5
41500,0,0,-1.0
7000,22700,0,0
-1.0,4500,25300,0
0,-1.0,5500,25700
0,0,-1.0,-1.0
56400,0,0.0,-1.0
8250,29500,0,0
-1.0,-1.0,-1.0,0
0,-1.0,0.0,-1.0
0,0,-1.0,14750.5
47400,0,0,-1.0
15625,17900,0,0
-1.0,-1.0,38800,0
0,-1.0,-1.0,-1.0
0,0.0,-1.0,0.0
11600,0,0,18100
0.0,11600,0,0
18100,13251,75900,0
0,-1.0,6354,25000
0,0,-1.0,-1.0
27500,0,0,-1.0
9401,40600,0,0
-1.0,11841,35100,0
0,-1.0,11300,19700
0,0,-1.0,-1.0
-1.0,0,0,-1.0
21250,18500,0,0
-1.0,-1.0,-1.0,0
0,-1.0,0.0,-1.0
0,0,-1.0,21500
36500,0,0,-1.0
12501,72400,0,0
-1.0,6935,15600,0
0,-1.0,12501,72400
0,0,-1.0,0.0
-1.0,0,0,-1.0
12000,24200,0,0
-1.0,24000,20100,0
0,-1.0,14311.5,-1.0
0,0,-1.0,6076
16400,0,0,-1.0
14250,52500,0,0
-1.0,-1.0,-1.0,0
0,-1.0,-1.0,12600
0,0,-1.0,-1.0
-1.0,0,0,-1.0
-1.0,-1.0,0,0
-1.0,9500,54000,0
0,-1.0,6593.5,14700
0,0,-1.0,-1.0
-1.0,0,0,-1.0
-1.0,29700,0,0
-1.0,16948,78200,0
0,-1.0,11000,64800
0,0.0,-1.0,-1.0
-1.0,0,0,-1.0
-1.0,-1.0,0,0
-1.0,-1.0,-1.0,0
0.0,-1.0,9500,16200
0,0,0.0,2375
68000,0,0.0,-1.0
-1.0,67800,0,0.0
-1.0,8792,27000,0
0,-1.0,-1.0,0.0
0,0.0,0.0,6301
-1.0,0,0,-1.0
-1.0,-1.0,0,0.0
-1.0,21500,38000,0
0,-1.0,0.0,-1.0
0,0,-1.0,11750
19800,0,0,-1.0
9500,29500,0,0
-1.0,7500,15900,0
0,-1.0,9499,17900
0,0,-1.0,12935.5
16700,0,0,-1.0
21500,25900,0,0
-1.0,-1.0,-1.0,0
0,-1.0,-1.0,8400
0,0,-1.0,0.0
-1.0,0,0,-1.0
0.0,-1.0,0,0
-1.0,0.0,-1.0,0
0,-1.0,0.0,-1.0
0,0,-1.0,-1.0
-1.0,0,0,-1.0
9500,18000,0,0
-1.0,-1.0,0.0,0
0.0,-1.0,13146,56400
0,0,-1.0,14000
48100,0,0,-1.0
-1.0,-1.0,0,0
-1.0,-1.0,28100,0
0,-1.0,-1.0,-1.0
0,0.0,0.0,0.0
-1.0,0,0,-1.0
-1.0,-1.0,0,0
-1.0,20000,56200,0
0,-1.0,20000,56200
0,0,-1.0,20000
72600,0,0,-1.0
-1.0,-1.0,0,0
-1.0,10953,34000,0
0,-1.0,9084.5,18800
0,0,-1.0,-1.0
75700,0,0.0,-1.0
17025,70000,0,0
-1.0,16200,60200,0
0,-1.0,-1.0,12300
0,0,-1.0,-1.0
-1.0,0,0,0.0
-1.0,60100,0,0.0
-1.0,-1.0,-1.0,0
0,-1.0,-1.0,-1.0
0,0,0.0,-1.0
-1.0,0,0.0,-1.0
0.0,11800,0,0
-1.0,5250,70600,0
0,-1.0,15881.5,19900
0,0,-1.0,-1.0
-1.0,0,0,-1.0
25000,25400,0,0
-1.0,-1.0,-1.0,0
0,-1.0,12000,26300
0,0,-1.0,-1.0
12400,0,0,-1.0
-1.0,-1.0,0,0
-1.0,0.0,-1.0,0
0,-1.0,0.0,12500
0,0,-1.0,-1.0
-1.0,0,0,-1.0
-1.0,10200,0,0
-1.0,-1.0,-1.0,0
0,-1.0,4500,18700
0,0,-1.0,-1.0
19700,0,0,-1.0
9500,23200,0,0
-1.0,6500,20400,0
0.0313,-1.0,4994,19000
1,0.0028,-1.0,10000
20600,1,0.0396,-1.0
-1.0,18100,1,0.073
-1.0,14000,47000,0
0,-1.0,8202,-1.0
0,0,0.0,7724
19000,1,0.0333,-1.0
8000,22600,1,0.0276
-1.0,25700,21200,0
0,-1.0,-1.0,21000
1,0.0104,-1.0,7500
22000,1,0.0131,-1.0
-1.0,18300,0,0
-1.0,5235.5,20500,0
0,-1.0,-1.0,22100
0,0,-1.0,8000
20900,0,0,-1.0
18084.5,40300,0,0
-1.0,7450,23300,0
0,-1.0,6625,21000
0,0,-1.0,8714.5
-1.0,0,0,-1.0
10500,20800,1,0.0014
-1.0,7025,20800,1
0.0101,-1.0,-1.0,20300
0,0,-1.0,9127
19000,0,0.0062,-1.0
4500,19100,1,0.0281
-1.0,-1.0,-1.0,0
0,-1.0,-1.0,19100
0,0,-1.0,5700
19500,1,0.0228,-1.0
20625,-1.0,0,0
-1.0,9500,23200,0
0,-1.0,-1.0,21100
1,0.0067,-1.0,-1.0
15800,0,0,-1.0
-1.0,17000,1,0.0479
-1.0,-1.0,19300,1
0.0992,-1.0,4750,21200
0,0.0155,-1.0,12500
50000,0,0,-1.0
-1.0,18900,0,0
-1.0,-1.0,-1.0,0
0,-1.0,3500,19200
0,0,-1.0,12500
0.0,0,0,0.0
-1.0,21100,0,0.0943
-1.0,6521,-1.0,0
0,-1.0,5691,21800
0,0,-1.0,21500
23600,0,0,-1.0
-1.0,19700,0,0.0599
-1.0,24050,26000,0
0,-1.0,20175,25300
0,0,-1.0,-1.0
19300,0,0.0473,-1.0
9575,23100,0,0.0032
-1.0,-1.0,18500,0
0,-1.0,-1.0,18800
0,0,-1.0,27000
22500,0,0,-1.0
-1.0,18600,0,0
-1.0,-1.0,16600,0
0,-1.0,-1.0,20000
1,0.0291,-1.0,-1.0
18500,0,0,-1.0
-1.0,20200,1,0.026
-1.0,-1.0,19100,1
0.0177,-1.0,9500,-1.0
0,0,-1.0,16850
17600,0,0,-1.0
9000,19000,0,0
-1.0,9859.5,19900,0
0,-1.0,-1.0,20200
0,0,-1.0,-1.0
21400,1,0.0334,-1.0
-1.0,19700,1,0.0457
-1.0,-1.0,17100,0
0,-1.0,9380,21100
0,0,-1.0,20000
15700,0,0,-1.0
-1.0,-1.0,0,0
-1.0,3422,21500,1
0.0198,-1.0,-1.0,20300
1,0.0136,-1.0,4875
20800,1,0.0211,-1.0
4500,19000,0,0
-1.0,-1.0,-1.0,0
0,0.0,-1.0,-1.0
0,0,-1.0,-1.0
18400,0,0,-1.0
9111,18600,0,0
-1.0,15974,13300,0
0,-1.0,11000,17000
0,0,-1.0,7100
30000,0,0,-1.0
-1.0,12500,1,0
-1.0,-1.0,48900,0
0,-1.0,-1.0,-1.0
0,0,-1.0,11183.5
27000,1,0.0268,-1.0
11998,30700,1,0.0263
-1.0,9750,-1.0,0
0,-1.0,-1.0,12800
0,0.0143,-1.0,21148
23000,0,0,-1.0
-1.0,16800,0,0
-1.0,8750,10800,0
0,-1.0,15602,17300
0,0,-1.0,15000
-1.0,0,0,-1.0
9500,31400,0,0
-1.0,-1.0,-1.0,0
0,-1.0,-1.0,27000
0,0,-1.0,25000
21700,0,0,-1.0
3767,-1.0,0,0
-1.0,6333,27900,0
0,-1.0,-1.0,-1.0
0,0,-1.0,19000
53900,0,0,-1.0
16856.5,20400,0,0
-1.0,3500,26900,0
0,-1.0,6650,32000
0,0,-1.0,5250
27300,0,0,-1.0
0.0,-1.0,0,0
-1.0,-1.0,16700,0
0,-1.0,4656,14200
0,0,-1.0,0.0
0.0,0,0,0.0
3500,35400,0,0
-1.0,22000.5,18100,0
0,-1.0,5500,28200
0,0,-1.0,12000
51300,0,0,-1.0
15000,39200,0,0
-1.0,23250,23700,0
0,-1.0,6640,14600
0,0,-1.0,26000
25600,0,0,-1.0
21500,22300,0,0
-1.0,-1.0,19500,0
0,-1.0,15800,44500
0,0,-1.0,25147
20800,0,0,-1.0
-1.0,-1.0,0,0
-1.0,21461,36000,0
0,-1.0,-1.0,28500
0,0,-1.0,11868.5
13000,0,0,-1.0
8593,27500,0,0
-1.0,14144,13900,0
0,0.0,-1.0,39800
0,0,39800,-1.0
14600,0,0,-1.0
4749.5,19100,0,0
-1.0,20000,44300,0
0,-1.0,9500,29400
0,0,-1.0,11584
39600,0,0,-1.0
-1.0,-1.0,0,0.0
-1.0,5500,39100,0
0,-1.0,-1.0,23000
1,0.0335,27800,9500
23400,0,0,-1.0
20000,18500,0,0
-1.0,3500,19400,0
0,-1.0,15958.5,0.0
0,0,0.0,10249
16600,0,0,-1.0
17700,31900,0,0
-1.0,11538.5,19400,0
0,-1.0,11538.5,19400
0,0,-1.0,-1.0
23800,0,0,27700
-1.0,20900,0,0
-1.0,21990,45200,0
0,-1.0,-1.0,0.0
0,0.0,0.0,20647
18700,0,0,-1.0
9500,11000,0,0
-1.0,6840,33300,0
0.0092,-1.0,24375,53500
0,0,-1.0,12814
19600,0,0,-1.0
13908,25500,0,0
-1.0,8834,-1.0,0
0,-1.0,-1.0,-1.0
0,0,-1.0,9500
35000,0,0,-1.0
2000,67300,0,0.0
-1.0,-1.0,-1.0,0
0.0,-1.0,20000,21000
0,0,-1.0,9500
12800,0,0,-1.0
-1.0,12800,0,0
-1.0,6800,16400,0
0,-1.0,7916,21500
0,0,-1.0,7775
15700,0,0,-1.0
11498,18900,0,0
-1.0,14300,44400,0
0,-1.0,12000,-1.0
0,0,-1.0,9500
35800,0,0,-1.0
-1.0,-1.0,0,0.0
0.0,-1.0,-1.0,0
0,-1.0,16328,26200
0,0,-1.0,23000
44000,0,0,-1.0
0.0,-1.0,0,0
-1.0,7500,13100,0
0,-1.0,-1.0,27000
0,0,32300,8000
23500,0,0,-1.0
22219,13700,0,0
-1.0,26542.5,17100,0
0,-1.0,26542.5,17100
0,0,-1.0,26542.5
17100,0,0,-1.0
26542.5,17100,0,0
-1.0,13908,25500,0
0,-1.0,13908,25500
0,0,-1.0,17945
16300,0,0,-1.0
17945,16300,0,0
-1.0,17945,16300,0
0,-1.0,17945,16300
0,0,-1.0,-1.0
-1.0,0,0,-1.0
8388,17900,0,0
-1.0,9500,18000,0
0,-1.0,-1.0,-1.0
0,0,-1.0,-1.0
-1.0,0,0,-1.0
7580,36300,0,0
-1.0,-1.0,0.0,0
0.0,-1.0,21562.5,16500
0,0,-1.0,-1.0
-1.0,0,0.0,-1.0
12666,30200,0,0
-1.0,4036,13200,0
0,-1.0,22548.5,25300
0,0,-1.0,9500
0.0,0,0,0.0
12893,15300,0,0
-1.0,-1.0,-1.0,0
0.0,0.0,22638,32400
0,0,-1.0,3500.5
21200,0,0,-1.0
9500,14900,0,0
-1.0,-1.0,19600,0
0,-1.0,6500,20900
0,0,-1.0,6333
12500,0,0,-1.0
-1.0,-1.0,0,0
-1.0,13417.5,23700,0
0,-1.0,5500,-1.0
0,0,-1.0,7364
11700,0,0,-1.0
13437.5,28200,0,0
-1.0,-1.0,-1.0,0
0,-1.0,-1.0,-1.0
0,0,-1.0,-1.0
-1.0,0,0.0,-1.0
9500,-1.0,0,0
-1.0,-1.0,27500,0
0,-1.0,9053,16100
0,0,-1.0,-1.0
11500,0,0,-1.0
21000,25000,0,0
-1.0,-1.0,-1.0,0
0,-1.0,-1.0,22100
0,0.0403,-1.0,9000
25000,1,0.0435,-1.0
6332,-1.0,0,0
-1.0,-1.0,22200,0
0.037,-1.0,17565,13500
0,0,-1.0,9500
21300,0,0,0.0
12022,18400,0,0
-1.0,13242,24600,1
0.0375,-1.0,-1.0,22500
0,0,-1.0,12000
18900,0,0,-1.0
9500,26700,0,0
-1.0,12160,21200,0
0,-1.0,17919,16400
0,0,-1.0,23022
22100,0,0,-1.0
11053.5,15300,0,0
-1.0,17698,18000,0
0,-1.0,-1.0,10100
0,0,-1.0,17698
18000,0,0,-1.0
-1.0,-1.0,0,0
-1.0,-1.0,0.0,0
0.0,-1.0,5500,-1.0
0,0,-1.0,37250
21200,0,0,-1.0
26500,19300,0,0
-1.0,13576,15500,0
0,-1.0,11277,14000
0,0,-1.0,14750
-1.0,0,0,-1.0
16075.5,-1.0,0,0
-1.0,-1.0,-1.0,0
0,-1.0,16000,25200
0,0,-1.0,11000
-1.0,0,0,-1.0
14645,15100,0,0
-1.0,15295,22600,1
0.0071,-1.0,11955.5,15800
0,0,-1.0,-1.0
0.0,0,0.0,-1.0
11848,42900,0,0
-1.0,15597,59600,0
0,-1.0,8028,-1.0
0,0,-1.0,13750
-1.0,0,0,0.0
-1.0,0.0,0,0.0
0.0,11703,21000,0
0,-1.0,-1.0,38300
0,0,49900,4950
17700,0,0,-1.0
9531,16100,0,0
-1.0,12000,21200,0
0,-1.0,6514,18600
0,0,-1.0,-1.0
0.0,0,0.0,0.0
-1.0,-1.0,0,0.1576
-1.0,8028,16800,0
0,-1.0,9500,13800
0,0,-1.0,-1.0
-1.0,0,0.0,0.0
16208.5,20400,0,0
-1.0,14854.5,48800,0
0,-1.0,12000,48600
0,0,-1.0,17650
24000,0,0,-1.0
-1.0,-1.0,0,0
-1.0,9500,29900,0
0,-1.0,14750,21200
0,0,-1.0,9500
17000,0,0,-1.0
9439,-1.0,0,0
-1.0,12100,-1.0,0
0,-1.0,13700,17100
0,0,-1.0,11766
16000,0,0,-1.0
12100,17100,0,0
-1.0,10810,16600,0
0,-1.0,14050,16500
0,0,-1.0,12989
16900,0,0,-1.0
14050,16500,0,0
-1.0,11025,14900,0
0,-1.0,12598,16100
0,0,-1.0,10810
17200,0,0,-1.0
12822,18800,0,0
-1.0,16500,26500,0
0,-1.0,-1.0,-1.0
0,0.0,0.0,23373
62100,0,0,-1.0
25000,38800,0,0
-1.0,10651.5,19100,0
0,-1.0,11667,17700
0,0,-1.0,12100
16800,0,0,-1.0
-1.0,-1.0,0,0
-1.0,15000,32400,0
0,-1.0,-1.0,13200
0,0,-1.0,25000
20900,0,0,-1.0
9500,13600,0,0
-1.0,17477.5,51700,0
0,-1.0,8028,-1.0
0,0,-1.0,12000
33700,0,0,-1.0
9500,13800,0,0
-1.0,22000,47200,0
0,-1.0,-1.0,0.0
0,0.0,0.0,3666
18100,0,0,-1.0
-1.0,20600,0,0
-1.0,8028,14300,0
0,-1.0,12000,43300
0,0,-1.0,-1.0
0.0,0,0.0,0.0
-1.0,0.0,0,0.0
0.0,13625,25300,0
0,-1.0,19900.5,68700
0,0,-1.0,14000
18200,0,0,-1.0
25750,25300,0,0
-1.0,25000,40100,0
0,-1.0,9500,26500
0,0,-1.0,17713
23000,0,0,-1.0
6500,-1.0,0,0
-1.0,8028,14000,0
0,-1.0,4218.5,95400
0,0.0,-1.0,9459
23200,0,0,-1.0
8986.5,23100,0,0
-1.0,12667,21000,0
0,-1.0,8028,14000
0,0,-1.0,25000
18200,0,0,-1.0
16000,-1.0,0,0
-1.0,-1.0,-1.0,0
1,-1.0,6861,20400
0,0,-1.0,26500
19800,0,0,-1.0
2000,83500,0,0.0
-1.0,7100,16300,0
0,-1.0,18250,33300
0,0,-1.0,-1.0
-1.0,0,0.0,0.0
14615,23900,0,0
-1.0,14000,57800,0
0,-1.0,5207.5,-1.0
0,0,-1.0,15741
52400,0,0,-1.0
-1.0,0.0,0,0.0
0.0,-1.0,0.0,0
0.0,0.0,19483.5,27900
0,0,-1.0,26000
32000,0,0,-1.0
-1.0,42500,0,0
46900,10158,34200,0
0,-1.0,-1.0,47500
0,0,-1.0,17000.5
50300,0,0,-1.0
13428,-1.0,0,0
-1.0,11814,16200,0
0,-1.0,-1.0,-1.0
0,0,-1.0,3431
21600,0,0,-1.0
16500,56500,0,0
-1.0,9500,-1.0,0
0,-1.0,15000,34500
0,0,-1.0,-1.0
-1.0,0,0,-1.0
17968,28000,0,0
-1.0,14256.5,36800,0
0,-1.0,16000,32900
0,0,-1.0,-1.0
-1.0,0,0.0,0.0
12000,25900,0,0
-1.0,8677,13900,0
0,-1.0,20000,49200
0,0,-1.0,20000
49200,0,0,-1.0
9499,-1.0,0,0
-1.0,12000,47300,0
0,-1.0,-1.0,0.0
0,0.0,0.0,20000
19400,0,0,-1.0
-1.0,-1.0,0,0
-1.0,20000,19400,0
0,-1.0,10042.5,17300
0,0,-1.0,5420
30500,0,0,0.0
4707,14500,0,0
-1.0,11500,14100,0
0,-1.0,25125,58600
0,0,-1.0,9833
16300,0,0,-1.0
25000,24800,0,0
-1.0,4250,21200,0
0,-1.0,31399,16500
0,0,-1.0,8322
22000,0,0,-1.0
15500,25700,1,0
0.0,5500,16900,0
0,-1.0,-1.0,14700
0,0,-1.0,-1.0
19300,0,0,-1.0
12000,17000,0,0
-1.0,3500,12700,0
0,-1.0,25000,25100
0,0,-1.0,18000
15800,0,0,-1.0
8641,13700,0,0
-1.0,8641,13900,0
0,-1.0,-1.0,-1.0
0,0.0,0.0,7250
20500,0,0,-1.0
22000,28800,0,0
-1.0,23272,27200,0
0,-1.0,12765,25600
0,0,-1.0,12000
20100,0,0,-1.0
11750,22600,0,0
-1.0,-1.0,30700,0
0.0,-1.0,6500,21100
0,0,-1.0,-1.0
-1.0,0,0,-1.0
-1.0,22800,0,0
-1.0,27094,19200,0
0,-1.0,-1.0,18400
0,0,-1.0,7748
21800,0,0,-1.0
10000,15500,0,0
-1.0,21937,20200,0
0,-1.0,7917,16300
0,0,-1.0,-1.0
-1.0,0,0,-1.0
-1.0,-1.0,0,0.0
-1.0,-1.0,13900,1
0,-1.0,-1.0,-1.0
0,0,-1.0,-1.0
16000,0,0,-1.0
-1.0,-1.0,0,0
-1.0,-1.0,13800,0
0,-1.0,6996,18400
0,0,0.0,-1.0
-1.0,0,0,-1.0
-1.0,13700,0,0
-1.0,-1.0,27400,0
0,-1.0,17828,33200
0,0,-1.0,-1.0
-1.0,0,0.0,0.0
8250,23200,0,0
-1.0,-1.0,22400,0
0,-1.0,-1.0,20200
0,0,-1.0,16500
20900,0,0,-1.0
-1.0,21700,0,0
-1.0,-1.0,-1.0,0
0.0,-1.0,8933,14800
0,0,-1.0,27000
22100,0,0,-1.0
-1.0,22800,0,0
-1.0,-1.0,21000,0
0,-1.0,-1.0,19700
1,0.0435,-1.0,-1.0
21500,0,0,-1.0
-1.0,19500,0,0
-1.0,-1.0,22300,0
0,-1.0,14250,26100
0,0,-1.0,9833
-1.0,0,0,-1.0
15850.5,35500,0,0
-1.0,30500,23200,0
0,-1.0,-1.0,0.0
0,0,-1.0,25200
17900,0,0,-1.0
-1.0,19900,0,0
-1.0,-1.0,25300,0
0,-1.0,-1.0,27400
0,0,38400,-1.0
21200,0,0,-1.0
6333,14100,0,0
-1.0,-1.0,55600,0
0.0,-1.0,25000,20100
0,0,-1.0,-1.0
21600,0,0,-1.0
-1.0,-1.0,0,0.0
0.0,-1.0,27200,0
0,33500,-1.0,0.0
0,0.0,0.0,-1.0
23600,0,0,-1.0
-1.0,24900,0,0
-1.0,8384.5,20200,0
0,-1.0,-1.0,20500
0,0,-1.0,25250
25700,0,0,-1.0
-1.0,18500,0,0
-1.0,10583,15300,0
0,-1.0,-1.0,24100
0,0,-1.0,22502
37600,0,0,-1.0
-1.0,22500,0,0
-1.0,-1.0,18000,0
0,-1.0,-1.0,20200
1,0.0078,-1.0,-1.0
26500,0,0,-1.0
16351,30900,0,0
-1.0,-1.0,17500,0
0,-1.0,-1.0,21300
0,0,-1.0,-1.0
21300,0,0,-1.0
-1.0,23500,0,0
-1.0,-1.0,19800,0
0,-1.0,-1.0,19800
0,0,-1.0,-1.0
87300,0,0.0,-1.0
20000,27200,0,0
-1.0,-1.0,12400,0
0,-1.0,6500,-1.0
0,0,0.0,8356
10300,0,0,-1.0
8308,17100,0,0
-1.0,-1.0,-1.0,0
0,-1.0,5500,28600
0,0.0188,-1.0,11121
17100,0,0,-1.0
9500,17900,0,0
-1.0,11119,17400,0
0,-1.0,9809,17400
0,0,-1.0,13000
24400,0,0,-1.0
-1.0,22800,0,0
-1.0,16548,22400,0
0,-1.0,-1.0,0.0
0,0.0,0.0,-1.0
16600,0,0,-1.0
14342,-1.0,0,0
-1.0,-1.0,-1.0,0
0,-1.0,-1.0,-1.0
0,0,-1.0,-1.0
72600,0,0.0,-1.0
-1.0,23900,0,0
-1.0,9369,20500,0
0,-1.0,4500,25200
0,0,-1.0,-1.0
28800,0,0,37400
-1.0,18000,0,0
-1.0,-1.0,24100,0
0,-1.0,9500,17100
0,0,-1.0,7649
24200,1,0.1111,-1.0
-1.0,-1.0,0,0
-1.0,6356,28900,1
0.022,-1.0,9833,24400
0,0,-1.0,25954.5
29200,0,0,-1.0
9500,27800,0,0
-1.0,-1.0,0.0,0
0.0,0.0,9500,17200
0,0,-1.0,10000
32800,0,0,-1.0
-1.0,25700,0,0
-1.0,-1.0,24200,0
0,-1.0,5440,19800
0,0,-1.0,5258
15800,0,0,-1.0
8011,21900,1,0.0288
-1.0,5500,13700,0
0,-1.0,5500,26100
0,0,-1.0,8193.5
23000,1,0.0031,-1.0
-1.0,35300,0,0
40400,28732.5,23900,0
0,-1.0,5980,16500
0,0,-1.0,5980
16500,0,0,-1.0
-1.0,20000,0,0
-1.0,26757.5,17100,0
0,-1.0,15481,20200
0,0,-1.0,10033
23300,1,0,-1.0
11560,23500,0,0
-1.0,9912,22700,0
0,-1.0,-1.0,15000
0,0,-1.0,2847.5
21800,0,0,-1.0
7000,28300,1,0.0468
-1.0,11000,20800,0
0,-1.0,-1.0,-1.0
0,0,-1.0,6001
23000,0,0,-1.0
15750,54300,0,0
-1.0,-1.0,14700,0
0,-1.0,3500,29000
0,0,-1.0,-1.0
20500,0,0,-1.0
16098,23100,0,0
-1.0,-1.0,25300,0
0,-1.0,3416,17000
0,0,-1.0,-1.0
-1.0,0,0,-1.0
-1.0,28800,0,0
38700,5250,22400,1
0.0137,-1.0,-1.0,0.0
0,0.0,0.0,9500
48800,0,0,-1.0
6500,27400,1,0.005
-1.0,3500,25900,0
0,-1.0,6000,20500
1,0.0023,-1.0,7999
22200,0,0,-1.0
15000,0.0,0,0
0.0,-1.0,24900,1
0.0016,36600,5950,13700
0,0,-1.0,-1.0
-1.0,0,0,0.0
-1.0,-1.0,0,0.0
-1.0,9340,17900,0
0,-1.0,5543,17300
0,0,-1.0,20000
23900,0,0,-1.0
6361,21400,1,0
-1.0,22524,34700,0
0,-1.0,10295,20200
0,0,-1.0,-1.0
62000,0,0,-1.0
-1.0,21600,1,0.0011
-1.0,-1.0,-1.0,0
0.0,-1.0,22722,21300
0,0,-1.0,-1.0
75200,0,0.0,-1.0
4100,20000,0,0
-1.0,4999,22200,1
0.0155,-1.0,6277,14100
0,0,-1.0,8133.5
25500,1,0.0191,-1.0
2475,14000,0,0
-1.0,10000,25600,0
0,-1.0,6500,-1.0
0,0,-1.0,9000
24700,1,0.0135,-1.0
5500,25100,1,0.2291
-1.0,24529,22200,0
0,-1.0,-1.0,23100
0,0,-1.0,26125
24200,0,0,-1.0
8388,12700,0,0
0.0,-1.0,-1.0,0
0,-1.0,5000,-1.0
0,0,-1.0,-1.0
24100,0,0,-1.0
-1.0,-1.0,0,0
-1.0,-1.0,-1.0,0
0,-1.0,12983.5,17700
0,0,-1.0,-1.0
-1.0,0,0,-1.0
15306,23200,0,0
-1.0,-1.0,20000,0
0,-1.0,-1.0,23800
0,0,-1.0,21000
20900,0,0,-1.0
21250,18000,0,0
-1.0,18821,18700,0
0,-1.0,21375,19300
0,0,-1.0,9749
15300,0,0,-1.0
-1.0,40600,0,0.0
-1.0,22817.5,26900,0
0,-1.0,16487,-1.0
0,0.1429,-1.0,-1.0
60400,0,0.0,-1.0
5635,14500,0,0
-1.0,9000,25000,0
0,-1.0,25750,33900
0,0,-1.0,-1.0
-1.0,0,0,0.0
-1.0,24000,0,0
-1.0,12500,14200,0
0,-1.0,22716,48400
0,0,-1.0,6875
21700,0,0,-1.0
3500,20700,0,0
-1.0,-1.0,52700,0
0.0,-1.0,-1.0,17300
0,0,-1.0,5225
26200,0,0.0007,-1.0
25000,34000,0,0
-1.0,4200,22700,0
0,-1.0,-1.0,-1.0
0,0,-1.0,13761
38700,0,0,-1.0
12000,44900,0,0
-1.0,-1.0,18500,0
0,-1.0,20000,49000
0,0,-1.0,9500
-1.0,0,0,-1.0
-1.0,19500,0,0.0025
-1.0,-1.0,18700,0
0,-1.0,12000,49700
0,0,-1.0,16500
21700,0,0,-1.0
6866,25600,0,0
-1.0,9500,-1.0,0
0,-1.0,23000,39200
0,0,-1.0,25000
25600,0,0,-1.0
-1.0,23000,0,0
-1.0,9475,27400,0
0,-1.0,23148,51200
0,0,-1.0,12028.5
45100,0,0,-1.0
-1.0,0.0,0,0
0.0,-1.0,18600,0
0,-1.0,18915,23700
0,0,-1.0,-1.0
19300,0,0,-1.0
-1.0,21500,0,0
-1.0,4866,17600,0
0,-1.0,9309.5,-1.0
0,0,-1.0,23000
28400,0,0,-1.0
-1.0,0.0,0,0.0
0.0,-1.0,21100,1
0.0057,-1.0,18500,39700
0,0,-1.0,-1.0
14600,0,0,-1.0
18950,-1.0,0,0
0.0,13116,14500,0
0,-1.0,19272.5,54900
0,0,-1.0,-1.0
21200,0,0,-1.0
-1.0,12200,0,0
-1.0,3500,21000,0
0,-1.0,12000,18500
0,0,-1.0,6333
-1.0,0,0,-1.0
-1.0,14200,0,0
-1.0,12466,35300,0
0,-1.0,-1.0,22800
0,0,-1.0,6288
14500,0,0,-1.0
9500,39900,0,0
-1.0,7389,16800,0
0,-1.0,8273,18500
0,0,-1.0,7623
21400,0,0.0038,-1.0
12333.5,20300,0,0
-1.0,25750,28900,0
0,-1.0,9500,25400
0,0,-1.0,21000
30600,0,0,-1.0
5768,30700,0,0
-1.0,18750,-1.0,0
0,-1.0,-1.0,0.0
0,0,0.0,7500
14900,0,0,-1.0
10506,16100,0,0
-1.0,-1.0,28000,0
0,-1.0,9167,22500
0,0.021,-1.0,-1.0
27000,1,0.0148,-1.0
-1.0,24100,0,0
-1.0,8371,24100,1
0.0041,-1.0,8034,13900
0,0,-1.0,11163
24400,1,0.0709,-1.0
14875,25800,0,0
-1.0,-1.0,-1.0,0
0,-1.0,11000,21600
0,0,-1.0,-1.0
-1.0,0,0,-1.0
-1.0,20000,0,0
-1.0,-1.0,27000,0
0,-1.0,4000,11200
0,0,-1.0,6333
11100,0,0,-1.0
-1.0,-1.0,0,0
-1.0,21472.5,14000,0
0,-1.0,-1.0,32500
0,0,-1.0,0.0
-1.0,0,0,-1.0
-1.0,-1.0,0,0
-1.0,9250,-1.0,0
1,-1.0,-1.0,27700
0,0.0105,-1.0,7878
16200,0,0,-1.0
23631,16700,0,0
-1.0,6333,16200,0
0,-1.0,-1.0,24300
0,0,-1.0,15099
23600,0,0,-1.0
-1.0,19800,0,0
-1.0,-1.0,27000,0
0,-1.0,-1.0,59700
0,0.0,-1.0,-1.0
-1.0,0,0,-1.0
18000,17800,0,0
-1.0,11329,16400,0
0,-1.0,11168.5,16700
0,0,-1.0,9500
15800,0,0,-1.0
-1.0,20100,0,0
24500,-1.0,-1.0,0
0,-1.0,9500,21800
0,0,-1.0,9500
21800,0,0,-1.0
15000,52000,0,0
-1.0,6250,0.0,0
0,0.0,8750,19100
0,0,-1.0,8000
19800,0,0,-1.0
18000,24200,0,0
-1.0,19949.5,18300,0
0,-1.0,-1.0,133600
0,0.0,-1.0,27000
25600,0,0,-1.0
-1.0,0.0,0,0.0
0.0,7000,22100,0
0,-1.0,10000,21200
0,0,0.0,25000
31200,0,0,-1.0
-1.0,0.0,0,0.0
0.0,9500,16600,0
0,-1.0,-1.0,0.0
0,0.0,0.0,12000
17400,0,0,-1.0
21000,29800,0,0
-1.0,-1.0,28500,1
0.0348,32000,6924,22200
1,0.1,-1.0,9625
21300,1,0.0229,-1.0
8964.5,15000,0,0
-1.0,-1.0,12700,1
0.0264,-1.0,-1.0,17500
0,0,-1.0,-1.0
22300,0,0.0081,29900
-1.0,12500,0,0
-1.0,-1.0,11300,0
0,-1.0,-1.0,13900
0,0,-1.0,3550
17000,0,0,-1.0
3550,17000,0,0
-1.0,-1.0,11700,0
0,-1.0,-1.0,16900
0,0,-1.0,10050
19100,0,0,-1.0
4375,15500,0,0
-1.0,5500,15100,0
0,-1.0,-1.0,19300
0,0,-1.0,15000
24800,0,0,-1.0
8000,15100,0,0
-1.0,8000,15100,0
0,-1.0,9000,13800
0,0,-1.0,9000
13800,0,0,-1.0
2334,15400,0,0
-1.0,-1.0,-1.0,0
0,-1.0,-1.0,18500
0,0,-1.0,4250
16000,0,0,-1.0
10000,14200,0,0
-1.0,-1.0,0.0,0
0.0,0.0,3500,15400
0,0,-1.0,-1.0
9000,0,0,-1.0
-1.0,14600,0,0
-1.0,-1.0,16100,0
0,-1.0,-1.0,15100
0,0,-1.0,-1.0
13400,0,0,-1.0
-1.0,13400,0,0
-1.0,-1.0,13800,0
0,-1.0,0.0,12100
0,0,-1.0,-1.0
13500,0,0,19500
-1.0,16100,0,0
-1.0,-1.0,16100,0
0,-1.0,-1.0,16100
0,0,-1.0,-1.0
15500,0,0,-1.0
3220,17500,0,0
-1.0,-1.0,14200,0
0,-1.0,-1.0,11300
0,0,-1.0,-1.0
9100,0,0,-1.0
1530,13300,0,0
-1.0,-1.0,0.0,0
0.0,0.0,4975,0.0
0,0,0.0,5000
0.0,0,0,0.0
5100,0.0,0,0
0.0,3666,0.0,0
0,0.0,4200,0.0
0,0,0.0,4650
0.0,0,0,0.0
3200,0.0,1,0.2235
0.0,5500,0.0,0
0.0485,0.0,5500,-1.0
0,0,-1.0,5500
0.0,0,0,0.0
5500,0.0,0,0
-1.0,0.0,-1.0,0
0,-1.0,-1.0,12200
0,0,-1.0,0.0
0.0,0,0.0,0.0
5000,-1.0,0,0
-1.0,9000,13800,0
0,-1.0,4530,15900
0,0,-1.0,-1.0
14700,1,0.0294,-1.0
-1.0,-1.0,1,0.0676
-1.0,9250,25600,0
0,-1.0,9500,53100
0,0,-1.0,9500
36000,0,0,-1.0
3500,15400,0,0
-1.0,-1.0,13400,0
0,-1.0,9069.5,17100
0,0,-1.0,-1.0
21200,0,0,25100
16394,13900,0,0
-1.0,12265,25200,0
0,-1.0,17945,16300
0,0,-1.0,6365
12300,0,0,-1.0
-1.0,-1.0,0,0
-1.0,2800,13200,0
0,-1.0,10994,17700
0,0,-1.0,10994
17700,0,0,-1.0
6500,25800,0,0
-1.0,22000,24300,0
0,-1.0,0.0,-1.0
0,0,-1.0,0.0
-1.0,0,0,-1.0
-1.0,-1.0,0,0
-1.0,6946.5,28700,0
0,-1.0,9500,17200
0,0,-1.0,-1.0
24600,0,0,-1.0
17200,37700,0,0
-1.0,8758,20000,0
0,-1.0,-1.0,-1.0
0,0.0,-1.0,5800
17400,0,0,-1.0
-1.0,17000,0,0
-1.0,-1.0,0.0,0
0.0,0.0,-1.0,23000
0,0,-1.0,19437.5
-1.0,0,0,-1.0
16500,11500,0,0
-1.0,-1.0,0.0,0
0,0.0,12000,16300
0,0,-1.0,0.0
-1.0,0,0,-1.0
-1.0,-1.0,0,0
-1.0,-1.0,29600,0
0,36600,-1.0,0.0
0,0.0,0.0,-1.0
-1.0,0,0,-1.0
-1.0,-1.0,0,0
-1.0,16500,15200,0
0,-1.0,-1.0,-1.0
0,0,-1.0,-1.0
-1.0,0,0,-1.0
-1.0,30700,0,0.003
-1.0,-1.0,33600,0
0,-1.0,9500,40400
0,0,-1.0,9833
-1.0,0,0,-1.0
-1.0,19400,0,0.0267
-1.0,5500,23700,0
0,-1.0,7500,14300
0,0,-1.0,10300
15200,0,0,-1.0
8433,18100,0,0
-1.0,11390,18000,0
0,-1.0,4800,26700
0,0,-1.0,29751.5
32600,0,0,-1.0
7079,18900,0,0
-1.0,9833,21200,0
0,-1.0,8444,14500
0,0,-1.0,-1.0
18300,0,0,-1.0
-1.0,-1.0,0,0
-1.0,15700,22600,0
0,-1.0,15100,-1.0
0,0,-1.0,-1.0
16100,1,0.1186,-1.0
6333,32900,0,0
0.0,42625,32300,0
0,-1.0,16463.5,13400
0,0,-1.0,-1.0
-1.0,0,0,-1.0
0.0,0.0,0,0.0
-1.0,10075,16700,0
0,-1.0,-1.0,27500
0,0,-1.0,-1.0
27500,0,0,-1.0
-1.0,27500,0,0
-1.0,9715,21900,0
0,-1.0,9500,22700
0,0,-1.0,9500
22700,0,0,-1.0
-1.0,-1.0,0,0
-1.0,-1.0,-1.0,0
0,-1.0,11168.5,16700
0,0,-1.0,12500
0.0,0,0,0.0
16172,23100,0,0
0.0,5500,14700,0
0,-1.0,15491,16700
0,0,-1.0,9500
0.0,0,0,-1.0
-1.0,-1.0,0,0
0.0,-1.0,0.0,0
0,0.0,18100,-1.0
0,0,-1.0,7651
17500,0,0,-1.0
-1.0,24000,0,0
-1.0,8946.5,21200,0
0,-1.0,7500,-1.0
0,0,-1.0,7500
34400,0,0,-1.0
4500,22200,0,0
-1.0,16325,18300,0
0,-1.0,-1.0,-1.0
0,0,-1.0,15750
26700,0,0.0,-1.0
8000,15100,0,0
-1.0,8000,15100,0
0,-1.0,-1.0,27900
0,0,34600,-1.0
-1.0,0,0,-1.0
-1.0,27200,0,0
-1.0,3400,15200,0
0,-1.0,-1.0,-1.0
0,0,-1.0,6597
-1.0,0,0,0.0
9000,17000,0,0
-1.0,16500,30600,0
0,-1.0,-1.0,26700
0,0,-1.0,6334
28200,0,0,-1.0
-1.0,18400,0,0
-1.0,-1.0,15500,0
0,-1.0,9990,19900
0,0,-1.0,-1.0
19800,0,0,-1.0
-1.0,23200,0,0
-1.0,11250,25300,0
0,-1.0,6331.5,18400
0,0,-1.0,-1.0
24900,0,0,-1.0
11704.5,18600,0,0
-1.0,-1.0,26100,0
0,-1.0,6000,26300
0,0,-1.0,-1.0
25000,0,0,-1.0
13017,35300,0,0
-1.0,11750,-1.0,0
0.0,-1.0,-1.0,-1.0
0,0,-1.0,-1.0
23400,0,0,-1.0
-1.0,29400,0,0
-1.0,-1.0,-1.0,0
0,-1.0,7833,21300
0,0,-1.0,-1.0
-1.0,0,0,-1.0
9500,21900,0,0
-1.0,-1.0,0.0,0
0,0.0,-1.0,-1.0
0,0,-1.0,9500
27900,0,0,-1.0
5552,23300,0,0
-1.0,12125,18200,0
0,-1.0,-1.0,12000
0,0,-1.0,-1.0
0.0,0,0.0,0.0
-1.0,26600,1,0.0029
-1.0,10100.5,15800,0
0,-1.0,-1.0,16200
0,0,-1.0,5500
20200,1,0.0115,-1.0
-1.0,0.0,0,0
-1.0,-1.0,-1.0,0
0.0,-1.0,-1.0,16600
0,0,-1.0,-1.0
33200,0,0,-1.0
5000,59700,0,0.0
-1.0,5000,59700,0
0.0,-1.0,-1.0,0.0
0,0.0,0.0,11250
15100,0,0,-1.0
5620,-1.0,0,0
-1.0,10110,19500,0
0,-1.0,20712,18200
0,0,-1.0,7907
19100,0,0,-1.0
9500,16200,0,0
0.0,9500,13800,0
0,-1.0,-1.0,-1.0
0,0,-1.0,-1.0
22100,0,0,-1.0
-1.0,16900,0,0
-1.0,-1.0,0.0,0
0.0,0.0,9500,37100
0,0,-1.0,7917
15200,0,0,-1.0
-1.0,16700,0,0
-1.0,-1.0,-1.0,0
0,-1.0,10988,12300
0,0,-1.0,-1.0
32100,0,0,-1.0
9605,29500,0,0
-1.0,29500,20400,0
0,-1.0,5950,13700
0,0,-1.0,-1.0
-1.0,0,0,-1.0
9500,17400,0,0
-1.0,-1.0,12200,0
0,-1.0,4500,17100
0,0,-1.0,-1.0
-1.0,0,0.0,-1.0
3500,-1.0,0,0
-1.0,5520,25100,0
0,-1.0,-1.0,26700
0,0,-1.0,-1.0
14200,0,0,-1.0
-1.0,38000,0,0
-1.0,22936.5,19100,0
0,-1.0,-1.0,0.0
0,0.0,0.0,9500
-1.0,0,0,-1.0
-1.0,17000,0,0
-1.0,6333,21100,0
0,-1.0,-1.0,-1.0
0,0,-1.0,5481
-1.0,0,0,0.0
-1.0,-1.0,0,0
-1.0,7075,17100,0
0,-1.0,9955.5,-1.0
0,0,-1.0,9500
20100,0,0,-1.0
-1.0,-1.0,0,0
0.0,8500,13200,0
0,-1.0,10786,37900
0,0,-1.0,-1.0
-1.0,0,0,0.0
7125,22600,0,0
-1.0,16000,22200,0
0,-1.0,-1.0,13300
0,0.0036,-1.0,-1.0
13200,0,0,-1.0
16312.5,21200,0,0
-1.0,12436,24400,0
0,-1.0,5500,13800
0,0,-1.0,6949.5
16600,0,0,-1.0
15201,19600,0,0
-1.0,23000,20300,0
0,-1.0,13908,25500
0,0,-1.0,9833
17800,0,0,-1.0
17358.5,28900,0,0
-1.0,6333,30100,0
0,0.0,9500,-1.0
0,0,-1.0,-1.0
15800,0,0,-1.0
6947,15500,0,0
-1.0,-1.0,-1.0,0
0,-1.0,7020.5,28500
0,0,-1.0,23000
24700,0,0,-1.0
-1.0,-1.0,0,0.0
-1.0,-1.0,-1.0,0
0,0.0,-1.0,14700
0,0,-1.0,-1.0
15400,0,0,-1.0
-1.0,0.0,0,0
-1.0,-1.0,33200,0
0,-1.0,9247,22000
0,0,-1.0,7800
17700,0,0,-1.0
-1.0,11700,0,0
-1.0,9500,27500,0
0,-1.0,6334,-1.0
0,0,-1.0,13908
25500,0,0,-1.0
7916,13600,0,0
-1.0,11953,11900,0
0,-1.0,-1.0,-1.0
0,0,-1.0,14030
13500,0,0,-1.0
-1.0,-1.0,0,0
-1.0,-1.0,28400,0
0.028,-1.0,-1.0,19100
0,0,-1.0,-1.0
19100,0,0,-1.0
-1.0,19100,0,0
-1.0,-1.0,19100,0
0.0187,-1.0,-1.0,19100
0,0,-1.0,-1.0
19100,0,0,-1.0
-1.0,19100,0,0
-1.0,-1.0,19100,0
0,-1.0,10038,18500
0,0,-1.0,10050
46700,0,0,-1.0
12663,13600,0,0
-1.0,16914,19900,0
0,-1.0,2334,15400
0,0,-1.0,-1.0
13500,0,0,-1.0
-1.0,-1.0,0,0.08
-1.0,-1.0,16600,0
0,-1.0,-1.0,11900
0,0.0487,-1.0,-1.0
13500,0,0,-1.0
6500,14400,0,0
-1.0,9500,-1.0,0
0,-1.0,9500,14800
0,0,-1.0,-1.0
14200,0,0,-1.0
-1.0,-1.0,0,0
-1.0,9073,15400,0
0,-1.0,9369,20500
0,0,-1.0,7225
15300,0,0,-1.0
-1.0,38800,0,0
-1.0,-1.0,-1.0,0
0,-1.0,-1.0,13000
0,0,-1.0,-1.0
12000,0,0,-1.0
-1.0,-1.0,0,0
-1.0,42875,-1.0,0
0,-1.0,10000,11000
0,0,-1.0,8800
17700,0,0,-1.0
6763,21000,0,0
-1.0,9500,-1.0,0
0,-1.0,5906,21900
0,0,-1.0,5194
24200,0,0,-1.0
19000,-1.0,0,0
-1.0,9500,15700,0
0,-1.0,22778,41000
0,0,-1.0,-1.0
13700,0,0,-1.0
6333,15300,0,0
-1.0,3500,29700,0
0,-1.0,-1.0,0.0
0,0,0.0,12500
34900,0,0,-1.0
-1.0,15300,0,0
19200,9369,20500,0
0,-1.0,-1.0,19600
0,0,-1.0,11250
24200,0,0,-1.0
-1.0,20400,0,0
-1.0,9638,12100,0
0,-1.0,9317.5,14600
0,0,-1.0,9731
-1.0,0,0,-1.0
-1.0,-1.0,0,0.0
-1.0,9500,-1.0,0
0,0.0,6333,17200
0,0,-1.0,-1.0
0.0,0,0.0,0.0
11500,11400,0,0
-1.0,-1.0,24100,0
0,-1.0,7909,16700
0,0,-1.0,8964.5
15000,0,0,-1.0
8964.5,15000,0,0
-1.0,10150.5,18700,0
0,-1.0,16000,19100
0,0,-1.0,-1.0
0.0,0,0,0.0
-1.0,26800,0,0
-1.0,7848,15600,0
0,-1.0,9500,18000
0,0,-1.0,-1.0
53100,0,0,-1.0
-1.0,15000,0,0
-1.0,8333,14000,0
0,-1.0,3500,13000
0,0,-1.0,12499.5
-1.0,0,0,-1.0
-1.0,21200,0,0
-1.0,3500,12600,0
0,-1.0,0.0,-1.0
0,0,-1.0,8500
20700,1,0.0099,-1.0
14137,14200,0,0
-1.0,7615.5,13800,0
0,-1.0,5862.5,16500
0,0,-1.0,-1.0
25200,0,0,-1.0
-1.0,23000,0,0
-1.0,10310,24900,0
0,-1.0,21438,-1.0
0,0,-1.0,-1.0
17000,0,0,-1.0
0.0,0.0,0,0
-1.0,9500,30800,0
0,-1.0,-1.0,15300
0,0,19200,9500
25400,0,0,-1.0
9432,26800,0,0
-1.0,16250,-1.0,0
0,0.0,-1.0,-1.0
0,0.0,0.0,6130
21100,0,0,-1.0
38687,42000,0,0
-1.0,0.0,-1.0,0
0,-1.0,5500,11200
0,0,-1.0,9486
18300,0,0,-1.0
13666,15200,0,0
-1.0,37664,34700,0
0,-1.0,-1.0,15900
0,0,-1.0,-1.0
-1.0,0,0,-1.0
-1.0,-1.0,0,0
-1.0,-1.0,-1.0,0
0,-1.0,25116,21000
0,0,-1.0,15020
33500,0,0,-1.0
-1.0,13900,0,0
-1.0,6334,25700,0
0,-1.0,6000,-1.0
0,0,-1.0,6569.5
-1.0,0,0,0.0
-1.0,36300,0,0
-1.0,3525,13900,0
0,-1.0,8124.5,23100
0,0,-1.0,11250
25300,0,0,-1.0
-1.0,11500,0,0
-1.0,0.0,12900,0
0,-1.0,7500,23400
0,0,-1.0,-1.0
-1.0,0,1,0.0
9402,23300,0,0
-1.0,5500,13500,0
0,-1.0,29453,24700
0,0,-1.0,-1.0
0.0,0,0,0.0
-1.0,13000,0,0
-1.0,9500,-1.0,0
0,0.0,-1.0,11000
0,0,-1.0,6278
-1.0,0,0,-1.0
-1.0,21800,0,0
-1.0,-1.0,-1.0,0
0,-1.0,9500,20900
0,0,-1.0,5500
28400,0,0,0.0
9500,25200,0,0
-1.0,19000,-1.0,0
0,0.0,-1.0,11500
0,0,-1.0,9500
21500,0,0,-1.0
-1.0,-1.0,0,0
0.0,-1.0,-1.0,0
0.0,0.0,4754,0.0
0,0,0.0,3500
13500,0,0,-1.0
4756,19300,0,0
-1.0,2679,13700,0
0,-1.0,6500,16300
0,0,-1.0,4500
19600,0,0,-1.0
4500,20900,1,0.0307
-1.0,3500,22500,1
0.0607,-1.0,-1.0,0.0
0,0,0.0,-1.0
-1.0,0,0,-1.0
12278.5,23200,0,0
-1.0,-1.0,13000,0
0,-1.0,2333,15200
0,0,-1.0,-1.0
19300,0,0,-1.0
9500,20200,0,0
-1.0,14400,19500,0
0,-1.0,8600,20900
0,0,-1.0,8756
21600,0,0,-1.0
0.0,-1.0,0,0
-1.0,-1.0,19100,0
0,-1.0,-1.0,12500
0,0,-1.0,-1.0
25700,0,0,-1.0
5498,13900,0,0
-1.0,7500,-1.0,0
0,-1.0,7705,20500
0,0,-1.0,14750
14600,0,0,-1.0
19787,16600,0,0
-1.0,11250,25300,0
0,-1.0,9500,25600
0,0,-1.0,-1.0
30200,0,0,-1.0
9139,18700,0,0
-1.0,9500,34100,0
0,-1.0,7810.5,17800
0,0,-1.0,9500
36600,0,0,-1.0
7916,20700,0,0
-1.0,7833,9600,0
0,-1.0,6195.5,13300
0,0,-1.0,12000
20700,0,0,-1.0
9500,17000,0,0
-1.0,6796,23700,0
0,-1.0,6632,16600
0,0,-1.0,0.0
-1.0,0,0,-1.0
6333,27200,0,0
-1.0,12000,20100,0
0,-1.0,-1.0,-1.0
0,0,-1.0,8850
33100,0,0,-1.0
6380,31700,0,0
-1.0,0.0,-1.0,0
0,-1.0,6852,-1.0
0,0,-1.0,9250
21400,0,0,-1.0
9244,24500,0,0
-1.0,-1.0,16600,0
0,-1.0,-1.0,-1.0
0,0.0,0.0,6277
14100,0,0,-1.0
16895.5,16900,0,0
-1.0,6333,-1.0,0
0,-1.0,13908,25500
0,0,-1.0,9937.5
17000,0,0,-1.0
9833,14400,0,0
-1.0,9833,-1.0,0
0,-1.0,6514,18600
0,0,-1.0,12750.5
29300,0,0,-1.0
13500,14600,0,0
-1.0,-1.0,12600,0
0,-1.0,7600,21700
0,0,-1.0,8000
10700,0,0,-1.0
-1.0,17200,0,0
-1.0,8082,14000,0
0,-1.0,-1.0,-1.0
0,0.0,-1.0,-1.0
22000,0,0,-1.0
6479,0.0,0,0
0.0,3627,16000,0
0,-1.0,12125,-1.0
0,0,0.0,14359.5
19300,0,0,-1.0
7917,-1.0,0,0
0.0,13908,25500,0
0,-1.0,17375,26700
0,0,-1.0,-1.0
-1.0,0,0,-1.0
9500,23500,0,0
-1.0,9500,16400,0
0,-1.0,12038.5,47200
0,0,-1.0,-1.0
-1.0,0,0,-1.0
10500,20400,0,0
-1.0,3649.5,30100,0
0,-1.0,-1.0,-1.0
0,0,-1.0,-1.0
16200,0,0,-1.0
-1.0,-1.0,0,0
-1.0,3500.5,21200,0
0,-1.0,4523,16900
0,0,-1.0,-1.0
15400,0,0,-1.0
-1.0,-1.0,0,0.0
-1.0,14434,20500,0
0,-1.0,-1.0,0.0
0,0,0.0,9500
-1.0,0,0,-1.0
-1.0,13100,0,0
-1.0,3500,19200,0
0,-1.0,6427.5,-1.0
0,0,-1.0,5500
23400,0,0,-1.0
8233,22100,0,0
-1.0,17665.5,-1.0,0
0,-1.0,4800,16300
0,0,-1.0,-1.0
16600,0,0,-1.0
8028,19900,0,0
-1.0,-1.0,-1.0,0
0,-1.0,19000,-1.0
0,0,-1.0,8404
-1.0,0,0,0.0
8538.5,24100,0,0
-1.0,-1.0,-1.0,0
0.0,0.0,12355.5,16300
0,0,-1.0,7093
38200,0,0,-1.0
-1.0,-1.0,0,0
-1.0,9500,23500,0
0,-1.0,12000,27500
0,0,-1.0,7916
14400,0,0,-1.0
11000,68700,0,0
-1.0,4656,14200,0
0,-1.0,4656,14200
0,0,-1.0,15476.5
0.0,0,0,0.0
3500,10400,0,0
-1.0,-1.0,23200,0
0,-1.0,1144,19800
0,0,-1.0,9340
17000,0,0,-1.0
-1.0,-1.0,0,0
-1.0,-1.0,-1.0,0
0,-1.0,-1.0,-1.0
0,0,-1.0,-1.0
-1.0,0,0,-1.0
-1.0,-1.0,0,0
-1.0,6932,17600,0
0,-1.0,21500,21100
0,0,-1.0,-1.0
0.0,0,0.0,0.0
14050,15700,0,0
-1.0,9500,-1.0,0
0,0.0,10733,16700
0,0,-1.0,9500
41400,0,0,-1.0
9833,16100,0,0
-1.0,9500,12200,0
0,-1.0,9500,15800
0,0,-1.0,15717
16500,0,0,-1.0
10180,0.0,0,0
0.0,-1.0,-1.0,0
0,-1.0,8250,22900
0,0,-1.0,-1.0
-1.0,0,0,-1.0
-1.0,25000,0,0
-1.0,-1.0,23200,0
0,-1.0,-1.0,-1.0
0,0,-1.0,9500
33200,0,0,-1.0
-1.0,15200,0,0
-1.0,14000,48600,0
0,-1.0,-1.0,-1.0
0,0,-1.0,27500
-1.0,0,0,-1.0
6333,16100,0,0
-1.0,13613,12300,0
0,0.0,-1.0,25200
0,0,-1.0,-1.0
-1.0,0,0,-1.0
6750,27800,0,0
-1.0,9401,40600,0
0,-1.0,7500,47800
0,0,-1.0,9500
30300,0,0,-1.0
10469.5,24500,0,0
-1.0,10803,39900,0
0,-1.0,12125,32500
0,0,-1.0,9500
-1.0,0,0,-1.0
-1.0,31700,0,0
-1.0,9500,35900,0
0,-1.0,9500,36600
0,0,-1.0,7967
46100,0,0,-1.0
6800,50100,0,0
-1.0,-1.0,-1.0,0
0,-1.0,-1.0,24600
0,0,-1.0,-1.0
-1.0,0,0.0636,-1.0
9500,36400,0,0
-1.0,-1.0,-1.0,0
0,-1.0,9500,22500
0,0,-1.0,-1.0
-1.0,0,0,-1.0
-1.0,23000,0,0
-1.0,-1.0,22100,0
0,-1.0,-1.0,21000
0,0.0423,-1.0,-1.0
21300,0,0.0817,-1.0
-1.0,21900,0,0.0427
-1.0,-1.0,-1.0,0
0.0149,-1.0,-1.0,18000
0,0,-1.0,9500
0.0,0,0,-1.0
9500,35400,0,0
-1.0,18075,46700,0
0,-1.0,11015,-1.0
0,0,-1.0,9198.5
35600,0,0,-1.0
12401,33800,0,0
-1.0,-1.0,35800,0
0,-1.0,9982,37200
0,0,-1.0,14558
-1.0,0,0,-1.0
15485,34300,0,0
-1.0,14821.5,-1.0,0
0,-1.0,14725,-1.0
0,0,-1.0,-1.0
29100,0,0,-1.0
12519,-1.0,0,0
-1.0,6333,28500,0
0,-1.0,-1.0,16100
0,0.2131,-1.0,-1.0
9300,0,0,-1.0
-1.0,10100,0,0
-1.0,-1.0,11600,0
0,-1.0,-1.0,12800
0,0.0065,-1.0,9307
22200,0,0,-1.0
9500,-1.0,0,0
-1.0,-1.0,14200,0
0,-1.0,4420,18000
0,0,-1.0,-1.0
-1.0,0,0,-1.0
-1.0,-1.0,0,0
-1.0,8189,17900,0
0,-1.0,7553,24000
0,0,-1.0,5477
30900,0,0,-1.0
-1.0,-1.0,0,0
-1.0,-1.0,20900,0
0,-1.0,4868,13800
0,0,-1.0,6724
17700,0,0,-1.0
9500,25700,0,0
-1.0,6000,-1.0,0
0,-1.0,-1.0,-1.0
0,0,-1.0,9500
-1.0,0,0,-1.0
-1.0,-1.0,0,0
-1.0,-1.0,0.0,0
0,-1.0,5500,19000
0,0,-1.0,9500
23400,0,0,-1.0
-1.0,-1.0,0,0
0.0,-1.0,10600,0
0,-1.0,13663,-1.0
0,0,-1.0,5000
59700,0,0.0,-1.0
-1.0,10600,0,0
-1.0,8500,16500,0
0,-1.0,9222,16100
0,0,-1.0,-1.0
0.0,0,0.0,-1.0
-1.0,16300,0,0
-1.0,0.0,-1.0,0
0,-1.0,-1.0,-1.0
0,0,-1.0,7652
23100,0,0,-1.0
2501,17600,0,0.0041
-1.0,7700,21600,0
0,-1.0,-1.0,21900
0,0,-1.0,8000
36100,0,0,-1.0
-1.0,0.0,0,0
0.0,11529,15700,0
0,-1.0,-1.0,0.0
0,0.0,0.0,5000
59700,0,0.0,-1.0
-1.0,14200,0,0
-1.0,13908,25500,0
0,-1.0,-1.0,22100
0,0,-1.0,-1.0
22100,0,0,-1.0
0.0,14900,0,0
-1.0,-1.0,-1.0,0
0,-1.0,-1.0,-1.0
0,0,-1.0,9500
22500,0,0,-1.0
-1.0,-1.0,0,0
-1.0,9500,11900,0
0,-1.0,12000,22200
0,0,-1.0,9500
23600,0,0,-1.0
-1.0,13500,0,0.061
-1.0,5081.5,0.0,0
0,0.0,17678.5,47200
0,0,-1.0,8090
22300,0,0,-1.0
-1.0,15800,0,0
-1.0,-1.0,17700,0
0,-1.0,-1.0,11000
0,0,-1.0,9809
17400,0,0,-1.0
-1.0,90200,0,0
152800,-1.0,22500,0
0,-1.0,9649,18200
0,0,-1.0,-1.0
0.0,0,0,0.0
9500,-1.0,0,0
-1.0,-1.0,15300,0
0,-1.0,6333,21100
0,0,-1.0,32500
30300,0,0,-1.0
20000,20000,0,0
-1.0,-1.0,26100,0
0,-1.0,23000,63800
0,0,-1.0,-1.0
-1.0,0,0,-1.0
-1.0,14000,0,0
-1.0,-1.0,-1.0,0
0,-1.0,-1.0,12800
0,0,-1.0,7998
21300,0,0,-1.0
16208.5,20400,0,0
-1.0,-1.0,20100,1
0.01,-1.0,13908,25500
0,0,-1.0,-1.0
0.0,0,0,0.0
-1.0,-1.0,0,0.0
-1.0,-1.0,-1.0,0
0.0,-1.0,8338,19900
0,0,-1.0,-1.0
22900,0,0,-1.0
11667,17700,0,0
-1.0,12100,15900,0
0,-1.0,8106,21400
0,0,-1.0,-1.0
0.0,0,0,0.0
19500,20200,0,0
-1.0,0.0,-1.0,0
0,-1.0,-1.0,-1.0
0,0,-1.0,7250
15600,0,0,-1.0
-1.0,-1.0,0,0.0
-1.0,0.0,-1.0,0
0,-1.0,-1.0,-1.0
0,0.0,0.0,-1.0
-1.0,0,0,-1.0
-1.0,22700,0,0.0109
-1.0,25751,22300,0
0,-1.0,21125,28100
0,0,-1.0,9135
30000,0,0,-1.0
8750,-1.0,0,0
-1.0,-1.0,13500,0
0,-1.0,12500,48100
0,0,-1.0,9500
23800,0,0,-1.0
5753,-1.0,0,0
-1.0,-1.0,-1.0,0
0,-1.0,3799.5,28400
0,0,-1.0,9500
21200,0,0,-1.0
7500,-1.0,0,0
-1.0,9500,37500,0
0,-1.0,-1.0,17100
0,0,-1.0,-1.0
21300,0,0,-1.0
-1.0,-1.0,0,0
-1.0,9500,33000,0
0,-1.0,10025,-1.0
0,0,-1.0,-1.0
-1.0,0,0,-1.0
-1.0,-1.0,0,0
-1.0,8600,28800,0
0,-1.0,-1.0,14900
0,0,-1.0,-1.0
14600,0,0,17900
-1.0,-1.0,0,0
-1.0,-1.0,0.0,0
0.0,0.0,17344,45000
0,0,-1.0,9500
15700,0,0,-1.0
-1.0,-1.0,0,0
-1.0,-1.0,-1.0,0
0,-1.0,5500,26800
0,0.0025,-1.0,-1.0
52400,0,0,-1.0
9500,-1.0,0,0
-1.0,-1.0,11800,0
0,-1.0,3389,16800
0,0,-1.0,13167
13000,0,0,-1.0
0.0,-1.0,0,0
-1.0,-1.0,21900,0
0,-1.0,8640,-1.0
0,0,-1.0,-1.0
0.0,0,0.0,0.0
12000,0.0,0,0
0.0,16268,37500,0
0,-1.0,9500,29400
0,0,-1.0,-1.0
-1.0,0,0,-1.0
-1.0,20000,0,0
-1.0,6313,28000,0
0,-1.0,15000,46400
0,0,-1.0,11125
45000,0,0,-1.0
19000,37100,0,0.0
-1.0,17206,26500,0
0,-1.0,7481,-1.0
0,0,0.0,7543
23600,0,0,-1.0
-1.0,11600,0,0
-1.0,12500,0.0,0
0,-1.0,-1.0,23200
0,0,0.0,-1.0
-1.0,0,0,-1.0
-1.0,12900,0,0
-1.0,-1.0,15500,0
0,-1.0,9500,20800
0,0,-1.0,-1.0
-1.0,0,0,-1.0
6222,-1.0,0,0
-1.0,6786,25300,0
0,-1.0,8912,11600
0,0,-1.0,-1.0
15200,0,0,-1.0
-1.0,20100,0,0
-1.0,-1.0,-1.0,0
0.0,-1.0,6705,20800
0,0,-1.0,9500
14400,0,0,-1.0
16500,11400,0,0
-1.0,-1.0,-1.0,0
0,-1.0,-1.0,-1.0
0,0.0,-1.0,-1.0
-1.0,0,0,0.0
9500,18200,0,0
-1.0,9500,19900,0
0,-1.0,9500,16700
0,0,-1.0,-1.0
14600,0,0,17900
-1.0,0.0,0,0
0.0,23012.5,72300,0
0,-1.0,5440.5,25400
0,0,-1.0,-1.0
14800,0,0,-1.0
-1.0,-1.0,0,0.0
-1.0,7500,-1.0,0
0,-1.0,-1.0,10200
0,0,-1.0,13040
9400,0,0,-1.0
23000,20300,0,0
-1.0,-1.0,-1.0,0
0.0,-1.0,12671.5,26400
0,0,-1.0,17541
-1.0,0,0,0.0
-1.0,14600,0,0
17900,-1.0,11600,0
0,-1.0,-1.0,13100
0,0,-1.0,27417
-1.0,0,0,-1.0
-1.0,-1.0,0,0
-1.0,11172,-1.0,0
0,-1.0,8048,16700
0,0,-1.0,3500
20000,0,0,-1.0
7870.5,23000,0,0
-1.0,10000,22400,0
0,-1.0,-1.0,0.0
0,0,0.0,5750
21600,0,0,-1.0
-1.0,-1.0,0,0
0.0,5000,59700,0
0.0,-1.0,5000,59700
0,0.0,-1.0,9833
20300,0,0,-1.0
9500,25400,0,0
-1.0,9500,22000,0
0,-1.0,7664,19800
0,0,-1.0,7149
20800,0,0,-1.0
-1.0,13300,0,0
-1.0,7917,24100,0
0,-1.0,-1.0,18300
0,0,-1.0,9451
16700,0,0,-1.0
-1.0,-1.0,0,0
-1.0,-1.0,20300,0
0,-1.0,19125,32600
0,0,-1.0,20000
26500,0,0,-1.0
8280,24800,0,0
-1.0,9500,16400,0
0,-1.0,6500,15200
0,0,-1.0,12125
18200,0,0,-1.0
9500,20100,0,0
-1.0,9760.5,20700,0
0,-1.0,-1.0,11100
0,0,-1.0,-1.0
14700,0,0,-1.0
9500,0.0,0,0
0.0,7781,20400,0
0,-1.0,-1.0,14100
0,0,-1.0,12499.5
-1.0,0,0,-1.0
6550,32200,0,0
-1.0,13000,14100,0
0,-1.0,-1.0,-1.0
0,0.0,-1.0,3000
-1.0,0,0,-1.0
14364,24200,0,0
-1.0,-1.0,-1.0,0
0,-1.0,19000,32900
0,0,-1.0,4223
17300,0,0,-1.0
10835,17100,0,0
-1.0,10760,19200,0
0,-1.0,8580,20700
0,0,-1.0,8806.5
24800,0,0,-1.0
10500,18500,0,0
-1.0,9937.5,17000,0
0,-1.0,28767.5,26100
0,0,-1.0,8100
30200,0,0,-1.0
-1.0,-1.0,0,0
-1.0,-1.0,22100,0
0,-1.0,7891,16400
0,0,-1.0,-1.0
-1.0,0,0,-1.0
9500,-1.0,0,0
-1.0,8714,23900,0
0,-1.0,-1.0,12400
0,0,-1.0,-1.0
-1.0,0,0,0.0
2900,-1.0,0,0
-1.0,-1.0,-1.0,0
0.0,-1.0,9500,20400
0,0,-1.0,-1.0
0.0,0,0.0,-1.0
18700,19300,0,0
-1.0,-1.0,-1.0,0
0,-1.0,-1.0,-1.0
0,0,-1.0,6678
20900,0,0,-1.0
8500,-1.0,0,0
0.0,12325,37300,0
0,-1.0,-1.0,0.0
0,0.0,0.0,-1.0
-1.0,0,0,-1.0
9500,22200,0,0
-1.0,-1.0,15200,0
0,-1.0,9500,16200
0,0,-1.0,-1.0
38800,0,0.0,-1.0
-1.0,0.0,0,0.0
0.0,32500,23500,0
0,-1.0,7114,15900
0,0,-1.0,9500
16200,0,0,0.0
14050,16500,0,0
-1.0,6514,18600,0
0,-1.0,-1.0,-1.0
0,0,-1.0,5025.5
12700,0,0,-1.0
9500,20500,0,0
-1.0,20000,20000,0
0,-1.0,21375,19300
0,0,-1.0,5000
59700,0,0.0,-1.0
5000,59700,0,0.0
-1.0,-1.0,0.0,0
0,0.0,-1.0,15200
0,0,-1.0,6744
27800,0,0,-1.0
26240,-1.0,0,0
-1.0,23000,63800,0
0,-1.0,23000,63800
0,0,-1.0,9500
25400,0,0,-1.0
9812,23500,0,0
-1.0,14310,14800,0
0,-1.0,-1.0,-1.0
0,0,0.0,-1.0
-1.0,0,0.0,0.0
-1.0,0.0,0,0.0
0.0,5000,59700,0
0.0,-1.0,17698,18000
0,0,-1.0,3500.5
21200,0,0,-1.0
-1.0,-1.0,0,0
-1.0,18822,41000,0
0,-1.0,5400,13800
0,0,-1.0,10556
-1.0,0,0,-1.0
-1.0,0.0,0,0.0
0.0,-1.0,-1.0,0
0,-1.0,-1.0,-1.0
0,0,-1.0,-1.0
-1.0,0,0,-1.0
6713,25900,0,0
-1.0,9500,22100,0
0,-1.0,9500,15600
0,0,-1.0,-1.0
19700,0,0,-1.0
9500,15000,0,0
-1.0,5695,13600,0
0,-1.0,8625,13500
0,0.425,-1.0,-1.0
-1.0,0,0,-1.0
14012.5,22800,0,0
-1.0,32500,26700,0
0,-1.0,9878,21200
0,0,-1.0,24750
-1.0,0,0,-1.0
6860,23400,0,0
-1.0,10559,15300,0
0,-1.0,11413,-1.0
0,0,-1.0,-1.0
-1.0,0,0,-1.0
5500,16600,0,0
-1.0,-1.0,-1.0,0
0,-1.0,9500,21700
0,0,-1.0,8950
20800,0,0,-1.0
8217,24600,0,0
-1.0,-1.0,-1.0,0
0,-1.0,-1.0,13300
0,0,-1.0,-1.0
-1.0,0,0,-1.0
-1.0,17500,0,0
-1.0,-1.0,-1.0,0
0,-1.0,9500,27200
0,0,-1.0,-1.0
-1.0,0,0,-1.0
10188.5,28100,0,0
-1.0,9500,13200,0
0,-1.0,32584,34300
0,0,-1.0,16500
15800,0,0,-1.0
5500,-1.0,0,0
-1.0,8391,27100,0
0,-1.0,11800,16800
0,0,-1.0,-1.0
-1.0,0,0,-1.0
19111,47900,0,0
0.0,15000,34700,0
0,0.0,7500,-1.0
0,0,0.0,-1.0
0.0,0,0.0,0.0
-1.0,13100,0,0
-1.0,-1.0,-1.0,0
0,-1.0,-1.0,0.0
0,0.0,0.0,15061.5
51700,0,0,-1.0
11329,16400,0,0
-1.0,9500,18800,0
0,-1.0,30869.5,24800
0,0,-1.0,-1.0
0.0,0,0,0.0
-1.0,0.0,0,0
0.0,38687,42000,0
0,-1.0,39938,25300
0,0,-1.0,9500
23100,0,0,-1.0
9307,22200,0,0
-1.0,-1.0,30100,0
0,0.0,-1.0,0.0
0,0.0,0.0,8124.5
23100,0,0,-1.0
19000,-1.0,0,0
-1.0,9500,-1.0,0
0,-1.0,7916,20800
0,0,-1.0,12125
18200,0,0,-1.0
7289,20300,0,0
-1.0,-1.0,-1.0,0
0,-1.0,5500,-1.0
0,0,-1.0,9500
-1.0,0,0,0.0
-1.0,14300,0,0
-1.0,9500,20500,0
0,-1.0,-1.0,14500
0,0,-1.0,-1.0
0.0,0,0.0,0.0
12000,-1.0,0,0
-1.0,-1.0,-1.0,0
0,-1.0,-1.0,-1.0
0,0,0.0,-1.0
-1.0,0,0,-1.0
6598,24100,0,0
-1.0,7500,10800,0
0,-1.0,11989,-1.0
0,0,-1.0,6404
30500,0,0,0.0
12258,21500,0,0
-1.0,12258,21500,0
0,-1.0,11667,16000
0,0,-1.0,-1.0
15100,0,0,0.0
9500,24500,0,0
-1.0,14250,-1.0,0
0,-1.0,10954.5,18200
0,0,-1.0,12500
-1.0,0,0,-1.0
-1.0,0.0,0,0
0.0,9500,21800,0
0,-1.0,24500,84100
0,0,-1.0,-1.0
-1.0,0,0,-1.0
10619,12800,0,0
-1.0,16000,32900,0
0,-1.0,24062.5,49500
0,0,-1.0,9250
18800,0,0,0.0
8714,23900,0,0
-1.0,11593,0.0,0
0,0.0,-1.0,13200
0,0,-1.0,-1.0
14600,0,0,17900
12125,18200,0,0
-1.0,10222,18700,0
0,-1.0,-1.0,0.0
0,0.0,0.0,9500
19200,0,0,-1.0
8758,20000,0,0
-1.0,9500,15100,0
0,-1.0,9500,18000
0,0,-1.0,16394
13900,0,0,-1.0
-1.0,14400,0,0
-1.0,11291,20000,0
0,-1.0,5000,59700
0,0.0,-1.0,9500
16700,0,0,-1.0
9500,20400,0,0
-1.0,-1.0,0.0,0
0.0,0.0,12500,-1.0
0,0,0.0,9500
-1.0,0,0,0.0
-1.0,11600,0,0
0.0,12000,20400,0
0,0.0,9500,-1.0
0,0,0.0,-1.0
14900,0,0,0.0
12822,18800,0,0
-1.0,12989,16900,0
0,-1.0,12100,15900
0,0,-1.0,9500
14200,0,0,0.0
19256,22000,0,0
0.0,9500,18100,0
0,0.0,7664,15100
0,0,0.0,-1.0
14900,0,0,0.0
-1.0,-1.0,0,0
0.0,5161,24200,0
0,0.0,9500,16600
0,0,-1.0,-1.0
-1.0,0,0,-1.0
-1.0,15900,0,0
0.0,-1.0,-1.0,0
0,-1.0,13000,12300
0,0,0.0,7917
19600,0,0,-1.0
-1.0,-1.0,0,0
0.0,-1.0,-1.0,0
0,-1.0,12515,13900
0,0,-1.0,-1.0
17300,0,0,0.0
-1.0,15400,0,0
0.0,-1.0,31600,0
0,-1.0,6524,-1.0
0,0,-1.0,18548
28200,0,0,0.0
17985,17700,0,0
0.0,5037.5,15200,0
0,-1.0,8445,-1.0
0,0,0.0,15532
-1.0,0,0,0.0
0.0,-1.0,0,0
0.0,7917,-1.0,0
0,0.0,-1.0,-1.0
0,0,0.0,-1.0
13400,0,0,0.0
8563,-1.0,0,0
0.0,-1.0,14600,0
0,0.0,-1.0,11500
0,0,0.0,-1.0
-1.0,0,0.0,0.0
-1.0,-1.0,0,0
0.0,9500,17300,0
0,-1.0,26337,43600
0,0,-1.0,-1.0
13200,0,0,0.0
-1.0,-1.0,0,0
0.0,9500,-1.0,0
0,-1.0,-1.0,-1.0
0,0,-1.0,9500
18600,0,0,-1.0
9500,-1.0,0,0
0.0,-1.0,24700,0
0,-1.0,9318,18700
0,0,0.0,9500
-1.0,0,0,0.0
-1.0,-1.0,0,0
0.0,13908,25500,0
0,-1.0,16315,-1.0
0,0,0.0,4379
16700,0,0,0.0
-1.0,-1.0,0,0
0.0,9500,18200,0
0,-1.0,12346,-1.0
0,0,0.0,15750
0.0,0,0,0.0
9369,20500,0,0
-1.0,30869.5,24800,0
0,-1.0,8800,25700
0,0,-1.0,9500
21100,0,0,-1.0
9142,21100,0,0
-1.0,-1.0,15200,0
0,0.0,17083,22800
0,0,-1.0,7204
12800,0,0,-1.0
7204,12800,0,0
-1.0,6333,20000,0
0,-1.0,6333,20000
0,0,-1.0,6333
20000,0,0,-1.0
13666,15200,0,0
-1.0,10649,-1.0,0
0,0.0,13116,14500
0,0,-1.0,25271
57100,0,0,-1.0
23000,20300,0,0
-1.0,25000,-1.0,0
0,0.0,8714,23900
0,0,-1.0,9307
22200,0,0,-1.0
32500,32900,0,0
0.0,17953,-1.0,0
0,0.0,11119,17400
0,0,-1.0,8641
13900,0,0,-1.0
8641,13900,0,0
-1.0,-1.0,0.0,0
0.0,0.0,7917,22500
0,0,0.0,7916
23000,0,0,0.0
-1.0,-1.0,0,0
0.0,8849,16300,0
0,0.0,-1.0,-1.0
0,0.0,0.0,-1.0
-1.0,0,0.0,0.0
21500,27800,0,0
0.0,9500,19100,0
0,0.0,3487.5,-1.0
0,0,0.0,7248
18000,0,0,0.0
9500,-1.0,0,0
0.0,7050,18800,0
0,0.0,9500,27100
0,0,0.0,13583
24800,0,0,0.0
9500,19100,0,0
0.0,6333,16800,0
0,0.0,-1.0,-1.0
0,0,0.0,9500
-1.0,0,0,0.0
-1.0,-1.0,0,0
0.0,5500,-1.0,0
0,0.0,-1.0,-1.0
0,0,-1.0,11250
-1.0,0,0,0.0
9499,-1.0,0,0
0.0,5347,18300,0
0,0.0,6264,-1.0
0,0,0.0,9833
11700,0,0,0.0
8301,25500,0,0
0.0,-1.0,-1.0,0
0,0.0,-1.0,-1.0
0,0,0.0,-1.0
-1.0,0,0,0.0
12000,-1.0,0,0
0.0,-1.0,-1.0,0
0,0.0,6428,14600
0,0,0.0,0.0
0.0,0,0,0.0
12417,0.0,0,0
0.0,3571,-1.0,0
0,0.0,20000,18700
0,0,0.0,-1.0
-1.0,0,0,0.0
9500,19800,0,0
0.0,-1.0,-1.0,0
0,0.0,-1.0,-1.0
0,0,0.0,-1.0
-1.0,0,0,0.0
9500,23600,0,0
-1.0,9500,-1.0,0
0,0.0,-1.0,-1.0
0,0,0.0,19640
-1.0,0,0,0.0
18250,-1.0,0,0
0.0,8218,-1.0,0
0,0.0,4500,14200
0,0,0.0,13830
-1.0,0,0,0.0
-1.0,13900,0,0
0.0,-1.0,-1.0,0
0,0.0,24000,-1.0
0,0,0.0,13211
33300,0,0,0.0
20712,18200,0,0
-1.0,-1.0,-1.0,0
0.0,0.0,8220,14900
0,0,-1.0,11146
-1.0,0,0,0.0
9500,22000,0,0
-1.0,10051,-1.0,0
0,0.0,43837,26300
0,0,-1.0,9459
18600,0,0,-1.0
13292.5,16200,0,0
-1.0,14140.5,17800,0
0,-1.0,20000,19800
0,0,-1.0,20000
19800,0,0,-1.0
9500,20100,0,0
-1.0,9500,21900,0
0,-1.0,9500,23500
0,0,-1.0,5750
17700,0,0,-1.0
13908,25500,0,0
-1.0,9500,18600,0
0,-1.0,15306,23200
0,0,-1.0,7553
24000,0,0,-1.0
-1.0,12900,0,0
-1.0,32500,30000,0
0,0.0,4379,16700
0,0,0.0,19787
16600,0,0,-1.0
8124.5,23100,0,0
-1.0,7543,23600,0
0,-1.0,-1.0,13800
0,0,-1.0,11607.5
-1.0,0,0,0.0
7500,23400,0,0
-1.0,15306,23200,0
0,-1.0,15424,0.0
0,0,0.0,-1.0
-1.0,0,0.0,0.0
8508.5,-1.0,0,0
0.0,11462.5,48700,0
0,0.0,4170,-1.0
0,0,0.0,3605
-1.0,0,0,0.0
8358,-1.0,0,0
0.0,9500,22200,0
0,0.0,6403,-1.0
0,0,0.0,-1.0
-1.0,0,0,0.0
-1.0,-1.0,0,0.0
0.0,9500,-1.0,0
0,0.0,15573,-1.0
0,0,0.0,-1.0
-1.0,0,0,0.0
-1.0,-1.0,0,0
0.0,-1.0,-1.0,0
0,0.0,7660,-1.0
0,0,0.0,6955
-1.0,0,0,0.0
11500,-1.0,0,0
0.0,11000,-1.0,0
0,0.0,-1.0,-1.0
0,0,0.0,5394
-1.0,0,0,0.0
13583,24800,0,0
0.0,22998.5,-1.0,0
0,0.0,8708,-1.0
0,0,0.0,9500
-1.0,0,0,0.0
7000,-1.0,0,0
0.0,9500,-1.0,0
0,0.0,-1.0,-1.0
0,0,0.0,7114
-1.0,0,0,0.0
12000,-1.0,0,0
0.0,7600,-1.0,0
0,0.0,-1.0,-1.0
0,0,0.0,5300
-1.0,0,0,0.0
6365,26800,0,0
0.0,4091.5,-1.0,0
0,0.0,6333,-1.0
0,0,0.0,7600
24700,0,0,0.0
-1.0,-1.0,0,0
0.0,9250,-1.0,0
0,0.0,5483,-1.0
0,0,0.0,4750
17800,0,0,0.0
-1.0,-1.0,0,0
0.0,-1.0,-1.0,0
0,0.0,12000,-1.0
0,0,0.0,-1.0
-1.0,0,0,0.0
-1.0,-1.0,0,0
0.0,-1.0,-1.0,0
0,0.0,-1.0,-1.0
0,0,0.0,-1.0
-1.0,0,0,0.0
13908,25500,0,0
-1.0,9500,23600,0
0,-1.0,9500,16400
0,0,-1.0,20000
22400,0,0,-1.0
9500,14900,0,0
-1.0,6650,-1.0,0
0,0.0,14434,20500
0,0,-1.0,43837
26300,0,0,-1.0
4379,16700,0,0
0.0,-1.0,13900,0
0,-1.0,-1.0,13900
0,0,-1.0,16895.5
16900,0,0,-1.0
18750,-1.0,0,0
0.0,14256.5,36800,0
0,-1.0,9500,16400
0,0,-1.0,9142
21100,0,0,-1.0
6898,20900,0,0
-1.0,6932,17600,0
0,-1.0,6932,17600
0,0,-1.0,16500
21700,0,0,-1.0
20647,18700,0,0
-1.0,-1.0,14600,0
0,17900,-1.0,14600
0,0,17900,-1.0
14600,0,0,17900
7500,23400,0,0
-1.0,19787,16600,0
0,-1.0,6619,14800
0,0,-1.0,9103
54400,0,0,0.0
0.0,-1.0,0,0
0.0,20000,0.0,0
0,0.0,4962,0.0
0,0,0.0,11542
-1.0,0,0,0.0
24166,-1.0,0,0
0.0,-1.0,0.0,0
0,0.0,5850,0.0
0,0,0.0,9081
0.0,0,0,0.0
8340,-1.0,0,0
0.0,10666,-1.0,0
0,0.0,9500,-1.0
0,0,0.0,5500
-1.0,0,0,0.0
-1.0,0.0,0,0.0
0.0,6598,-1.0,0
0,0.0,12153,-1.0
0,0,0.0,14972
-1.0,0,0,0.0
3500,-1.0,0,0
0.0,-1.0,-1.0,0
0,0.0,-1.0,0.0
0,0.0,0.0,13750
-1.0,0,0,0.0
8593.5,-1.0,0,0
0.0,17271,-1.0,0
0,0.0,0.0,-1.0
0,0,0.0,9500
-1.0,0,0,0.0
3483,-1.0,0,0
0.0,-1.0,0.0,0
0,0.0,9500,-1.0
0,0,0.0,9500
-1.0,0,0,0.0
19872,-1.0,0,0
0.0,0.0,-1.0,0
0,0.0,0.0,0.0
0,0,0.0,22500
-1.0,0,0,0.0
7841,-1.0,0,0
0.0,-1.0,-1.0,0
0,0.0,6327,-1.0
0,0,0.0,8500
-1.0,0,0,0.0
-1.0,0.0,0,0
0.0,16164,0.0,0
0,0.0,11582,0.0
0,0,0.0,7600
-1.0,0,0,0.0
-1.0,-1.0,0,0
0.0,13666,15200,0
0,-1.0,9142,21100
0,0,-1.0,-1.0
11600,0,0,-1.0
11667,0.0,0,0
0.0,11666,15100,0
0,-1.0,20647,18700
0,0,-1.0,19256
22000,0,0,0.0
9500,19900,0,0
-1.0,13908,25500,0
0,-1.0,7020.5,28500
0,0,-1.0,10835
17100,0,0,-1.0
10760,19200,0,0
-1.0,21125,28100,0
0,-1.0,9500,22100
0,0,-1.0,8950
20800,0,0,-1.0
10500,18500,0,0
-1.0,26125,24200,0
0,-1.0,11025,14900
0,0,-1.0,13700
17100,0,0,-1.0
12100,17100,0,0
-1.0,16850,17600,0
0,-1.0,12100,16800
0,0,-1.0,6861
0.0,0,0,0.0
9502,16800,0,0
-1.0,7917,-1.0,0
0,0.0,12125,18200
0,0,-1.0,12125
18200,0,0,-1.0
9500,16700,0,0
-1.0,9432,26800,0
0,-1.0,12500,0.0
0,0,0.0,-1.0
0.0,0,0.0,0.0
9500,-1.0,0,0
0.0,6323,0.0,0
0,0.0,8559,-1.0
0,0,0.0,-1.0
-1.0,0,0,0.0
9500,0.0,0,0
0.0,8708,0.0,0
0,0.0,-1.0,0.0
0,0,0.0,0.0
0.0,0,0,0.0
12500,0.0,0,0
0.0,-1.0,0.0,0
0,0.0,34500,-1.0
0,0,0.0,-1.0
0.0,0,0.0,0.0
9500,0.0,0,0
0.0,3675,0.0,0
0,0.0,4820,-1.0
0,0,0.0,9500
0.0,0,0,0.0
10700,0.0,0,0
0.0,-1.0,0.0,0
0.0,0.0,10555,-1.0
0,0,0.0,9500
-1.0,0,0,0.0
7800,0.0,0,0
0.0,-1.0,0.0,0
0,0.0,10700.5,0.0
0,0,0.0,-1.0
0.0,0,0,0.0
6597,-1.0,0,0
0.0,9833,0.0,0
0,0.0,-1.0,0.0
0,0,0.0,6222
0.0,0,0,0.0
7030.5,0.0,0,0
0.0,6333,0.0,0
0,0.0,-1.0,0.0
0,0,0.0,9833
-1.0,0,0,0.0
8581,0.0,0,0
0.0,-1.0,0.0,0
0,0.0,9500,0.0
0,0,0.0,-1.0
0.0,0,0,0.0
6598,0.0,0,0
0.0,-1.0,0.0,0
0,0.0,-1.0,-1.0
0,0,0.0,0.0
-1.0,0,0,0.0
0.0,-1.0,0,0
0.0,12000,-1.0,0
0,0.0,17416,-1.0
0,0,0.0,9500
-1.0,0,0,0.0
4250,0.0,0,0
0.0,-1.0,0.0,0
0,0.0,8564,0.0
0,0,0.0,6597
-1.0,0,0,0.0
-1.0,0.0,0,0
0.0,9500,0.0,0
0,0.0,-1.0,0.0
0,0,0.0,-1.0
0.0,0,0.0,0.0
4462,0.0,0,0
0.0,9500,0.0,0
0,0.0,8213,0.0
0,0,0.0,10037
0.0,0,0,0.0
9833,0.0,0,0
0.0,10868,0.0,0
0,0.0,-1.0,0.0
0,0,0.0,9500
0.0,0,0,0.0
22332.5,0.0,0,0
0.0,-1.0,0.0,0
0,0.0,6786,-1.0
0,0,0.0,7916
-1.0,0,0,0.0
-1.0,0.0,0,0
0.0,14757.5,0.0,0
0,0.0,13908,25500
0,0,-1.0,9833
24400,0,0,-1.0
2334,15400,0,0
-1.0,8849,16300,0
0,0.0,9500,-1.0
0,0,-1.0,9500
-1.0,0,0,-1.0
9369,20500,0,0
-1.0,6333,15300,0
0,-1.0,7917,-1.0
0,0,-1.0,10141.5
0.0,0,0,0.0
13908,25500,0,0
-1.0,11250,25300,0
0,-1.0,11250,25300
0,0,-1.0,11250
25300,0,0,-1.0
9500,22700,0,0
-1.0,-1.0,16100,0
0,-1.0,8714,23900
0,0,-1.0,9000
17000,0,0,-1.0
9119,-1.0,0,0
0.0,12591,18800,0
0,-1.0,25116,21000
0,0,-1.0,6898
20900,0,0,-1.0
11538.5,19400,0,0
-1.0,6597,0.0,0
0,0.0,-1.0,0.0
0,0,0.0,17985
17700,0,0,0.0
20000,0.0,0,0
0.0,25000,58000,0
0,-1.0,25000,58000
0,0,-1.0,25000
58000,0,0,-1.0
14364,24200,0,0
-1.0,9500,19100,0
0,0.0,9500,0.0
0,0,0.0,9500
0.0,0,0,0.0
9500,0.0,0,0
0.0,11416.5,0.0,0
0,0.0,11416.5,0.0
0,0,0.0,22936.5
19100,0,0,-1.0
12000,0.0,0,0
0.0,13666,15200,0
0,-1.0,13666,15200
0,0,-1.0,13666
15200,0,0,-1.0
26125,24200,0,0
-1.0,10667,12600,0
0,-1.0,14167,0.0
0,0,0.0,13000
24400,0,0,-1.0
13785,0.0,0,0
0.0,-1.0,0.0,0
0,0.0,7600,0.0
0,0,0.0,-1.0
0.0,0,0,0.0
3516,0.0,0,0
0.0,4614,0.0,0
0,0.0,19000,0.0
0,0,0.0,-1.0
0.0,0,0,0.0
10556,0.0,0,0
0.0,10556,0.0,0
0,0.0,9500,0.0
0,0,0.0,9367
0.0,0,0,0.0
-1.0,0.0,0,0
0.0,6569,0.0,0
0,0.0,-1.0,0.0
0,0,0.0,-1.0
0.0,0,0.0,0.0
-1.0,0.0,0,0
0.0,21000,0.0,0
0,0.0,20000,0.0
0,0,0.0,9500
0.0,0,0,0.0
8262.5,0.0,0,0
0.0,-1.0,0.0,0
0,0.0,4700,0.0
0,0,0.0,3500
0.0,0,0,0.0
13700,0.0,0,0
0.0,-1.0,0.0,0
0,0.0,12000,0.0
0,0,0.0,-1.0
0.0,0,0,0.0
-1.0,0.0,0,0
0.0,10599,0.0,0
0,0.0,9831,0.0
0,0,0.0,8999
0.0,0,0,0.0
8999,0.0,0,0
0.0,-1.0,0.0,0
0,0.0,3715,0.0
0,0,0.0,-1.0
0.0,0,0,0.0
11791.5,0.0,0,0
0.0,5650,0.0,0
0,0.0,6365,0.0
0,0,0.0,9833
0.0,0,0,0.0
-1.0,0.0,0,0.0
0.0,6198.5,0.0,0
0,0.0,9833,0.0
0,0,0.0,-1.0
0.0,0,0.0,0.0
-1.0,0.0,0,0.0
0.0,3500,0.0,0
0,0.0,15015,-1.0
0,0,0.0,12573
0.0,0,0,0.0
10249,0.0,0,0
0.0,3500,0.0,0
0,0.0,10667,0.0
0,0,0.0,0.0
0.0,0,0,0.0
0.0,0.0,0,0
0.0,9833,0.0,0
0,0.0,12500,0.0
0,0,0.0,-1.0
0.0,0,0,0.0
7673,0.0,0,0
0.0,7632,-1.0,0
0,0.0,7600,0.0
0,0,0.0,9829
0.0,0,0,0.0
-1.0,0.0,0,0
0.0,7667,0.0,0
0,0.0,14345,0.0
0,0,0.0,-1.0
0.0,0,0.0,0.0
-1.0,0.0,0,0
0.0,3167,0.0,0
0,0.0,-1.0,-1.0
0,0.0,-1.0,8048
16700,0,0,-1.0
7075,17100,0,0
-1.0,7075,17100,0
0,-1.0,7075,17100
0,0,-1.0,-1.0
0.0,0,0.0096,0.0
12000,24700,0,0
-1.0,23000,20300,0
0,-1.0,13908,25500
0,0,-1.0,13908
25500,0,0,-1.0
19787,16600,0,0
-1.0,-1.0,-1.0,0
0.0,-1.0,10994,17700
0,0,-1.0,-1.0
-1.0,0,0.0,-1.0
-1.0,0.0,0,0
0.0,7000,0.0,0
0,0.0,18000,0.0
0,0,0.0,17853
0.0,0,0,0.0
-1.0,0.0,0,0
0.0,10556,0.0,0
0,0.0,-1.0,0.0
0,0,0.0,-1.0
0.0,0,0,0.0
10905.5,0.0,0,0
0.0,-1.0,0.0,0
0.0,0.0,-1.0,0.0
0,0.0,0.0,8444
0.0,0,0,0.0
8313,0.0,0,0
0.0,8000,0.0,0
0,0.0,8230.5,0.0
0,0,0.0,8750
0.0,0,0,0.0
9565,0.0,0,0
0.0,9500,0.0,0
0,0.0,9833,0.0
0,0,0.0,-1.0
0.0,0,0,0.0
13715,0.0,0,0
0.0,-1.0,0.0,0
0,0.0,7965.5,0.0
0,0,0.0,-1.0
0.0,0,0,0.0
9833,0.0,0,0
0.0,1500,0.0,0
0,0.0,5700,0.0
0,0,0.0,-1.0
0.0,0,0.0,0.0
-1.0,0.0,0,0
0.0,9500,-1.0,0
0,-1.0,12000,0.0
0,0,0.0,9833
0.0,0,0,0.0
9500,0.0,0,0
0.0,11766,16000,0
0,-1.0,17083,22800
0,0,-1.0,7632
-1.0,0,0,0.0
7632,-1.0,0,0
0.0,16500,21700,0
0,-1.0,17945,16300
0,0,-1.0,12000
18100,0,0,-1.0
11250,25300,0,0
-1.0,14359.5,19300,0
0,-1.0,20000,22400
0,0,-1.0,20000
22400,0,0,-1.0
20000,22400,0,0
-1.0,12814,19600,0
0,-1.0,9500,21900
0,0,-1.0,-1.0
0.0,0,0.0,0.0
9111,18600,0,0
-1.0,-1.0,21900,0
0,-1.0,9578,15200
0,0,-1.0,9578
15200,0,0,-1.0
13908,25500,0,0
-1.0,13908,25500,0
0,-1.0,16132,16700
0,0,-1.0,13000
24400,0,0,-1.0
9340,17900,0,0
-1.0,9833,0.0,0
0,0.0,6932,17600
0,0,-1.0,9500
28900,0,0,-1.0
9833,20400,0,0
-1.0,13666,15200,0
0,-1.0,9500,16400
0,0,-1.0,17072
0.0,0,0,0.0
25000,58000,0,0
-1.0,-1.0,0.0,0
0,0.0,12125,18200
0,0,-1.0,11490
0.0,0,0,0.0
-1.0,0.0,0,0
0.0,-1.0,0.0,0
0,0.0,-1.0,0.0
0,0,0.0,4629.5
0.0,0,0,0.0
-1.0,0.0,0,0.0
0.0,5044,0.0,0
0,0.0,14772,0.0
0,0,0.0,14144
0.0,0,0,0.0
14948,0.0,0,0
0.0,10556,0.0,0
0,0.0,-1.0,0.0
0,0,0.0,9833
0.0,0,0,0.0
-1.0,0.0,0,0
0.0,-1.0,0.0,0
0.0213,0.0,-1.0,0.0
0,0,0.0,13000
0.0,0,0,0.0
-1.0,0.0,0,0
0.0,26333,0.0,0
0,0.0,10914,0.0
0,0,0.0,13000
0.0,0,0,0.0
12402,0.0,0,0
0.0,-1.0,0.0,0
0,0.0,16500,0.0
0,0,0.0,11751.5
0.0,0,0,0.0
23022,22100,0,0
-1.0,-1.0,0.0,0
0,0.0,21222,0.0
0,0,0.0,9500
0.0,0,0,0.0
6824,0.0,0,0
0.0,9833,0.0,0
0,0.0,9500,0.0
0,0,0.0,8616
0.0,0,0,0.0
8584,0.0,0,0
0.0,10085,0.0,0
0,0.0,-1.0,0.0
0,0,0.0,-1.0
0.0,0,0,0.0
-1.0,0.0,0,0
0.0,9833,0.0,0
0,0.0,-1.0,0.0
0,0,0.0,9500
0.0,0,0,0.0
-1.0,0.0,0,0
0.0,-1.0,0.0,0
0,0.0,-1.0,0.0
0,0,0.0,9500
0.0,0,0,0.0
-1.0,0.0,0,0
0.0,-1.0,0.0,0
0,0.0,-1.0,0.0
0,0,0.0,12833
0.0,0,0,0.0
7288.5,0.0,0,0
0.0,8250,0.0,0
0,0.0,13584,0.0
0,0,0.0,6500
0.0,0,0,0.0
-1.0,0.0,0,0
0.0,4850,0.0,0
0,0.0,6439,0.0
0,0,0.0,3429
0.0,0,0,0.0
6222,0.0,0,0
0.0,8769,0.0,0
0,0.0,9490,0.0
0,0,0.0,9500
0.0,0,0,0.0
-1.0,0.0,0,0
0.0,-1.0,0.0,0
0,0.0,-1.0,0.0
0,0,0.0,12000
-1.0,0,0,0.0
-1.0,0.0,0,0
0.0,8204.5,0.0,0
0,0.0,8027,0.0
0,0,0.0,7734
0.0,0,0,0.0
0.0,0.0,0,0
0.0,-1.0,0.0,0
0,0.0,6000,0.0
0,0,0.0,4567.5
0.0,0,0,0.0
6333,0.0,0,0
0.0,-1.0,0.0,0
0,0.0,-1.0,0.0
0,0,0.0,7916
0.0,0,0,0.0
-1.0,0.0,0,0
0.0,-1.0,0.0,0
0,0.0,7917,0.0
0,0,0.0,-1.0
0.0,0,0,0.0
10000,0.0,0,0
0.0,12000,0.0,0
0,0.0,-1.0,0.0
0,0,0.0,13000
0.0,0,0,0.0
10556,0.0,0,0
0.0,-1.0,0.0,0
0,0.0,-1.0,0.0
0,0.0,0.0,12000
0.0,0,0,0.0
12125,18200,0,0
-1.0,24500,84100,0
0,-1.0,24500,84100
0,0,-1.0,17985
17700,0,0,0.0
9500,22000,0,0
-1.0,12500,-1.0,0
0,-1.0,12500,0.0
0,0,0.0,16500
21700,0,0,-1.0
9500,17000,0,0
-1.0,5347,18300,0
0,0.0,8714,23900
0,0,-1.0,12983.5
17700,0,0,-1.0
19787,16600,0,0
-1.0,9105,0.0,0
0,0.0,9500,18600
0,0,-1.0,17985
17700,0,0,0.0
12663,13600,0,0
-1.0,14050,15700,0
0,-1.0,12195,17700
0,0,-1.0,10651.5
19100,0,0,-1.0
8075,14400,0,0
-1.0,12355.5,16300,0
0,-1.0,12598,16100
0,0,-1.0,12100
16800,0,0,-1.0
10222,18700,0,0
-1.0,16500,15200,0
0,-1.0,12728,19200
0,0,-1.0,11766
16000,0,0,-1.0
16850,17600,0,0
-1.0,26125,24200,0
0,-1.0,10555.5,0.0
0,0,0.0,9500
0.0,0,0,0.0
3583,0.0,0,0
0.0,-1.0,0.0,0
0,0.0,15746,0.0
0,0,0.0,13208
0.0,0,0,0.0
10257,0.0,0,0
0.0,5481,0.0,0
0,0.0,10556,0.0
0,0,0.0,9202
0.0,0,0,0.0
16189.5,0.0,0,0
0.0,-1.0,0.0,0
0.0,0.0,10555,0.0
0,0,0.0,12000
0.0,0,0,0.0
12000,0.0,0,0
0.0,7917,0.0,0
0,0.0,12056.5,0.0
0,0,0.0,-1.0
0.0,0,0,0.0
-1.0,0.0,0,0
0.0,-1.0,0.0,0
0,0.0,8159,0.0
0,0,0.0,-1.0
0.0,0,0,0.0
8600,0.0,0,0
0.0,7817,0.0,0
0,0.0,9833,0.0
0,0,0.0,-1.0
0.0,0,0,0.0
-1.0,0.0,0,0
0.0,8659,0.0,0
0,0.0,-1.0,0.0
0,0,0.0,5300
0.0,0,0,0.0
9500,0.0,0,0
0.0,5500,0.0,0
0,0.0,9500,0.0
0,0,0.0,10413
0.0,0,0,0.0
-1.0,0.0,0,0
0.0,-1.0,0.0,0
0,0.0,-1.0,0.0
0,0,0.0,7095
0.0,0,0,0.0
9246,0.0,0,0
0.0,12000,0.0,0
0,0.0,-1.0,0.0
0,0,0.0,12000
0.0,0,0,0.0
-1.0,0.0,0,0
0.0,12500,0.0,0
0.0,0.0,-1.0,-1.0
0,0.0,-1.0,9500
16600,0,0,-1.0
12500,0.0,0,0
0.0,25116,21000,0
0,-1.0,9500,-1.0
0,0,0.0,9500
-1.0,0,0,0.0
9500,-1.0,0,0
0.0,9500,-1.0,0
0,0.0,9500,-1.0
0,0,0.0,9500
-1.0,0,0,0.0
9500,-1.0,0,0
0.0,9402,23300,0
0,-1.0,12500,0.0
0,0,0.0,8641
13700,0,0,-1.0
13908,25500,0,0
-1.0,13908,25500,0
0,-1.0,9833,0.0
0,0,0.0,10954.5
18200,0,0,-1.0
9500,22700,0,0
-1.0,9500,21900,0
0,-1.0,9500,25700
0,0,-1.0,9500
21100,0,0,-1.0
9500,21100,0,0
-1.0,10500,0.0,0
0,0.0,6334,14900
0,0,-1.0,8769
0.0,0,0,0.0
-1.0,0.0,0,0
0.0,19787,16600,0
0,-1.0,8849,16300
0,0,0.0,8849
16300,0,0,0.0
13666,15200,0,0
-1.0,9500,16400,0
0,-1.0,13666,15200
0,0,-1.0,9500
0.0,0,0,0.0
-1.0,0.0,0,0
0.0,8124.5,23100,0
0,-1.0,8124.5,23100
0,0,-1.0,6898
20900,0,0,-1.0
-1.0,-1.0,0,0
-1.0,13908,25500,0
0,-1.0,6193,0.0
0,0,0.0,6861
20400,0,0,-1.0
9500,-1.0,0,0
0.0,-1.0,13400,0
0,-1.0,4489,15300
0,0,-1.0,9760.5
20700,0,0,-1.0
9500,15700,0,0
-1.0,9833,-1.0,0
0,-1.0,10127,0.0
0,0,0.0,9500
0.0,0,0,0.0
0.0,0.0,0,0
0.0,-1.0,0.0,0
0,0.0,16500,21700
0,0,-1.0,16500
21700,0,0,-1.0
9381,0.0,0,0
0.0,25000,58000,0
0,-1.0,12960,-1.0
0,0,-1.0,10447
0.0,0,0,0.0
-1.0,0.0,0,0
0.0,-1.0,0.0,0
0.0,0.0,-1.0,0.0
0,0,0.0,4050
0.0,0,0,0.0
9833,0.0,0,0
0.0,9833,0.0,0
0,0.0,12125,21300
0,0,-1.0,13075
0.0,0,0,0.0
-1.0,0.0,0,0
0.0,9500,25400,0
0,-1.0,-1.0,0.0
0,0,0.0,-1.0
0.0,0,0.0,0.0
-1.0,0.0,0,0.0
0.0,5500,0.0,0
0,0.0,0.0,0.0
0,0,0.0,-1.0
0.0,0,0,0.0
-1.0,0.0,0,0
0.0,-1.0,0.0,0
0,0.0,8028,0.0
0,0,0.0,-1.0
0.0,0,0,0.0
-1.0,0.0,0,0
0.0,0.0,0.0,0
0,0.0,-1.0,0.0
0,0,0.0,-1.0
0.0,0,0,0.0
16587.5,0.0,0,0
0.0,-1.0,0.0,0
0,0.0,-1.0,0.0
0,0,0.0,-1.0
0.0,0,0,0.0
-1.0,0.0,0,0
0.0,-1.0,0.0,0
0,0.0,-1.0,0.0
0,0,0.0,-1.0
0.0,0,0,0.0
-1.0,0.0,0,0
0.0,-1.0,0.0,0
0,0.0,-1.0,0.0
0,0,0.0,-1.0
0.0,0,0,0.0
13486.5,0.0,0,0
0.0,-1.0,0.0,0
0,0.0,-1.0,0.0
0,0,0.0,-1.0
0.0,0,0,0.0
11929,0.0,0,0
0.0,7600,0.0,0
0,0.0,-1.0,0.0
0,0,0.0,-1.0
0.0,0,0,0.0
-1.0,0.0,0,0
0.0,14500,0.0,0
0,0.0,-1.0,0.0
0,0,0.0,7827.5
0.0,0,0,0.0
-1.0,0.0,0,0
0.0,7600,0.0,0
0,0.0,-1.0,0.0
0,0,0.0,-1.0
0.0,0,0,0.0
-1.0,0.0,0,0
0.0,-1.0,0.0,0
0,0.0,-1.0,0.0
0,0,0.0,9184.5
0.0,0,0,0.0
4584,0.0,0,0
0.0,12000,0.0,0
0,0.0,13666,0.0
0,0,0.0,-1.0
0.0,0,0,0.0
-1.0,0.0,0,0
0.0,0.0,0.0,0
0,0.0,-1.0,0.0
1,0.9,0.0,15558
0.0,0,0,0.0
6333,0.0,0,0
0.0,-1.0,0.0,0
0,0.0,-1.0,0.0
0,0,0.0,6500
0.0,0,0,0.0
6333,0.0,0,0
0.0,-1.0,0.0,0
0,0.0,10015,0.0
0,0,0.0,12000
0.0,0,0,0.0
-1.0,0.0,0,0
0.0,-1.0,0.0,0
0,0.0,5845,0.0
0,0,0.0,-1.0
0.0,0,0,0.0
-1.0,0.0,0,0
0.0,-1.0,0.0,0
0,0.0,-1.0,0.0
0,0,0.0,-1.0
0.0,0,0,0.0
6333,0.0,0,0
0.0,-1.0,0.0,0
0,0.0,0.0,0.0
0,0,0.0,7600
0.0,0,0,0.0
-1.0,0.0,0,0
0.0,-1.0,0.0,0
0,0.0,-1.0,0.0
0,0,0.0,6333
0.0,0,0,0.0
12000,0.0,0,0
0.0,9833,0.0,0
0,0.0,7600,0.0
0,0,0.0,-1.0
0.0,0,0,0.0
9833,0.0,0,0
0.0,-1.0,0.0,0
0,0.0,6333,0.0
0,0,0.0,-1.0
0.0,0,0,0.0
6745.5,0.0,0,0
0.0,-1.0,0.0,0
0,0.0,10500,0.0
0,0,0.0,7388
0.0,0,0,0.0
-1.0,0.0,0,0
0.0,-1.0,0.0,0
0,0.0,-1.0,0.0
0,0.0,0.0,-1.0
0.0,0,0,0.0
-1.0,0.0,0,0
0.0,8818,0.0,0
0,0.0,5000,59700
0,0.0,-1.0,5000
59700,0,0.0,-1.0
5000,59700,0,0.0
-1.0,5000,59700,0
0.0,-1.0,5000,59700
0,0.0,-1.0,5000
59700,0,0.0,-1.0
5000,59700,0,0.0
-1.0,5000,59700,0
0.0,-1.0,5000,59700
0,0.0,-1.0,5000
59700,0,0.0,-1.0
5000,59700,0,0.0
-1.0,5000,59700,0
0.0,-1.0,5000,59700
0,0.0,-1.0,5000
59700,0,0.0,-1.0
5000,59700,0,0.0
-1.0,17945,16300,0
0,-1.0,17945,16300
0,0,-1.0,-1.0
0.0,0,0,0.0
-1.0,0.0,0,0
0.0,6333,0.0,0
0,0.0,6333,0.0
0,0,0.0,-1.0
0.0,0,0,0.0
-1.0,0.0,0,0
0.0,-1.0,0.0,0
0,0.0,8124.5,23100
0,0,-1.0,25000
58000,0,0,-1.0
25000,58000,0,0
-1.0,6333,17000,0
0,-1.0,12814,19600
0,0,-1.0,26125
24200,0,0,-1.0
9500,21800,0,0
-1.0,9500,-1.0,0
0,-1.0,9500,-1.0
0,0,-1.0,9500
23100,0,0,-1.0
8640,-1.0,0,0
-1.0,17698,18000,0
0,-1.0,17698,18000
0,0,-1.0,6365
12300,0,0,-1.0
6076,16400,0,0
-1.0,-1.0,15300,0
0,19200,16132,16700
0,0,-1.0,5420
30500,0,0,0.0
4420,18000,0,0
-1.0,-1.0,14600,0
0,17900,-1.0,14600
0,0,17900,-1.0
14600,0,0,17900
9500,23500,0,0
-1.0,10500,18500,0
0,-1.0,9500,22000
0,0,-1.0,9500
25400,0,0,-1.0
4379,16700,0,0
0.0,4379,16700,0
0,0.0,8564,0.0
0,0,0.0,9500
19100,0,0,0.0
3487.5,-1.0,0,0
0.0,9500,-1.0,0
0,0.0,13908,25500
0,0,-1.0,13908
25500,0,0,-1.0
12500,0.0,0,0
0.0,5500,0.0,0
0,0.0,8213,0.0
0,0,0.0,4754
0.0,0,0,0.0
9831,0.0,0,0
0.0,23871,19400,0
0,-1.0,23871,19400
0,0,-1.0,10555
16400,0,0,-1.0
10555,16400,0,0
-1.0,5862.5,16500,0
0,-1.0,5862.5,16500
0,0,-1.0,10596
0.0,0,0,0.0
7075,17100,0,0
-1.0,3500.5,21200,0
0,-1.0,12038.5,47200
0,0,-1.0,11094.5
15000,0.0,0.0,-1.0
8354.5,-1.0,0.0,0.0
-1.0,9785.5,11500,0.0
0.0,-1.0,9785.5,11500
0.0,0.0,-1.0,16304
45300,0.0,0.0,-1.0
-1.0,-1.0,0.0,0.0
-1.0,31333.5,25700,0.0
0.0,-1.0,17663,-1.0
0.0,0.0,-1.0,8956
14900,0.0,0.0,-1.0
8956,14900,0.0,0.0
-1.0,8956,14900,0.0
0.0,-1.0,8956,14900
0.0,0.0,-1.0,8956
14900,0.0,0.0,-1.0
8956,14900,0.0,0.0
-1.0,8956,14900,0.0
0.0,-1.0,8956,14900
0.0,0.0,-1.0,8651.5
20800,0.0,0.0,-1.0
9500,-1.0,0.0,0.0
-1.0,7450,15100,0.0
0.0,-1.0,-1.0,0.0
0.0,0.0,0.0,-1.0
0.0,0.0,0.0,0.0
15870,11900,0.0,0.0
-1.0,15870,11900,0.0
0.0,-1.0,15870,11900
0.0,0.0,-1.0,-1.0
-1.0,0.0,0.0,-1.0
13166,14000,0.0,0.0
-1.0,13166,14000,0.0
0.0,-1.0,13166,14000
0.0,0.0,-1.0,13166
14000,0.0,0.0,-1.0
13166,14000,0.0,0.0
-1.0,19787,16600,0.0
0.0,-1.0,13000,14700
0.0,0.0,-1.0,13000
14700,0.0,0.0,-1.0
13000,14700,0.0,0.0
-1.0,16500,12500,0.0
0.0,-1.0,21678,44000
0.0,0.0,-1.0,11075.5
25500,0.0,0.0,-1.0
-1.0,20400,0.0,0.0
-1.0,-1.0,20300,0.0
0.0,-1.0,-1.0,0.0
0.0,0.0,-1.0,-1.0
0.0,0.0,0.0,-1.0
9531,16100,0.0,0.0
-1.0,11814,16200,0.0
0.0,-1.0,5500,26100
0.0,0.0,-1.0,5543
17300,0.0,0.0,-1.0
5543,17300,0.0,0.0
-1.0,-1.0,0.0,0.0
0.0,0.0,18000,17800
0.0,0.0,-1.0,9250
25600,0.0,0.0,-1.0
11704.5,18600,0.0,0.0
-1.0,11704.5,18600,0.0
0.0,-1.0,11704.5,18600
0.0,0.0,-1.0,16000
22200,0.0,0.0,-1.0
6947,15500,0.0,0.0
-1.0,14030,13500,0.0
0.0,-1.0,14030,13500
0.0,0.0,-1.0,14030
13500,0.0,0.0,-1.0
14030,13500,0.0,0.0
-1.0,10038,18500,0.0
0.0,-1.0,-1.0,-1.0
0.0,0.0,-1.0,-1.0
-1.0,0.0,0.0,-1.0
-1.0,13000,0.0,0.0
-1.0,-1.0,13000,0.0
0.0,-1.0,-1.0,13000
0.0,0.0,-1.0,37664
34700,0.0,0.0,-1.0
37664,34700,0.0,0.0
-1.0,9500,-1.0,0.0
0.0,0.0,14750,14600
0.0,0.0,-1.0,14750
14600,0.0,0.0,-1.0
-1.0,-1.0,0.0,0.0
-1.0,-1.0,15800,0.0
0.0,-1.0,-1.0,14800
0.0,0.0,-1.0,-1.0
-1.0,0.0,0.0,0.0
8806.5,24800,0.0,0.0
-1.0,14310,14800,0.0
0.0,-1.0,14310,14800
0.0,0.0,-1.0,14310
14800,0.0,0.0,-1.0
14310,14800,0.0,0.0
-1.0,14310,14800,0.0
0.0,-1.0,5400,13800
0.0,0.0,-1.0,9500
24500,0.0,0.0,-1.0
9500,-1.0,0.0,0.0
0.0,4962,0.0,0.0
0.0,0.0,9500,-1.0
0.0,0.0,0.0,9500
-1.0,0.0,0.0,0.0
9500,-1.0,0.0,0.0
0.0,7841,-1.0,0.0
0.0,0.0,-1.0,0.0
0.0,0.0,0.0,-1.0
0.0,0.0,0.0,0.0
20000,0.0,0.0,0.0
0.0,7667,0.0,0.0
0.0,0.0,25000,58000
0.0,0.0,-1.0,9202
0.0,0.0,0.0,0.0
0.0,0.0,0.0,0.0
0.0,0.0,0.0,0.0
0.0,0.0,0.0,0.0
0.0,0.0,0.0,0.0
0.0,0.0,0.0,0.0
